Unnamed: 0,Nairoviridae,Poxviridae,Rhabdoviridae,Pneumoviridae,Togaviridae,Nodaviridae,Reoviridae,Hepeviridae,Orthomyxoviridae,Anelloviridae,Hepadnaviridae,Adenoviridae,Polyomaviridae,Matonaviridae,Bornaviridae,Picobirnaviridae,Papillomaviridae,Peribunyaviridae,Astroviridae,Hantaviridae,Arteriviridae,Arenaviridae,Flaviviridae,Filoviridae,Herpesviridae,Paramyxoviridae,Birnaviridae,Parvoviridae,Phenuiviridae,Tobaniviridae,Picornaviridae,Coronaviridae,Retroviridae,Caliciviridae,Kolmioviridae
O00213,0.0,0.2892561983471072,0.3220153340635266,0.0,0.0,0.0,0.1172248803827744,0.0,0.0,0.0,0.0,0.3394919168591223,0.0,0.0,0.0,0.0,0.0341796875,0.0,0.0,0.0,0.0,0.0,0.0,0.59304084720121,0.3905797101449271,0.1917808219178082,0.0,0.0,0.0,0.0,0.0194174757281553,0.0,0.0737618545837724,0.0,0.0
O00233,0.0,0.0,0.0,0.0,0.0,0.0,0.0,0.0,0.0,0.0,0.0,0.0,0.0,0.0,0.0,0.0,0.0072463768115942,0.0,0.0,0.0,0.0,0.0,0.0,0.0696517412935322,0.0,0.0,0.0,0.0,0.0,0.0,0.2639517345399695,0.0,0.0078563411896745,0.0,0.0
O00308,0.0,0.22033654537609648,2.39772683938931,0.0,0.0,0.0,1.5192996773507812,0.0719476744186046,0.0,0.0,0.0,1.252472706115883,0.0,0.0,0.0,0.0,0.0065420560747663,0.0,0.0,0.0,0.0,0.0,0.0,2.099973475978439,1.196687666381459,0.2214440523593768,0.0,0.0,0.0,0.0,0.0293576806264176,0.3033535850330295,0.2024161102436892,0.2475332684193442,0.0
O00425,0.0,0.0,0.0,0.0,0.2769230769230766,0.0,0.0,0.0,0.0,0.0,0.0,0.0,0.0,0.0,0.0,0.0,0.0,0.0,0.0,0.0,0.0,0.0,0.0,0.0,0.0,0.0,0.0,0.0,0.0,0.0,0.0318664643399089,0.0,0.0,0.0,0.0
O00482,0.0,0.208955223880597,0.0,0.0,0.0,0.0,0.0,0.0,0.0,0.0,0.0,0.0,0.0,0.0,0.0,0.0,0.0210843373493975,0.0,0.0,3.000000000000001,0.0,0.0,0.0790067720090293,0.0,0.0,0.0,0.0,0.0,0.0,0.0,0.0,0.0,0.0,0.0,0.0
O00499,0.0,0.0206489675516224,0.0,0.0,1.7038539553752534,0.0,0.0,0.0,0.0,0.0,0.0,0.0,0.0,0.0,0.0,0.0,0.056,0.0,1.3461538461538465,0.0,0.3783783783783783,0.0,0.0,0.0,0.0,0.0,0.0,0.0,0.0,0.0,0.0,0.0,0.0,0.0,0.0
O00560,0.0,0.0,0.0,0.0,0.0,0.0,0.0,0.0,0.0,0.0,0.0,0.0,0.0,0.6666666666666667,0.0,0.0,0.0,0.0,0.0,0.0,0.0,0.0,0.0,0.0,0.0,0.0,0.0,0.0,0.0,0.0,0.0,0.0,0.0,0.0,0.0
O00629,0.0,0.0,0.0,0.0,0.0,0.0,0.0,0.0,3.019331453886428,0.0,0.0,0.0,0.0,0.0,0.0,0.0,0.0,0.0,0.0,0.0,0.0,0.0,0.037037037037037,0.0,0.0,0.0,0.0,0.0,0.0,0.0,0.0,0.0,0.0,0.0,0.0
O14595,0.0,0.0,0.0,0.0,0.0,0.0,0.0,0.0,0.0,0.0,0.0,0.0,0.0,0.0,0.0,0.0,0.0366492146596855,0.0,0.0,0.0,0.0,0.0,0.0,0.0,0.0,0.0,0.0,0.0,0.0,0.0,0.0,0.0,0.0,0.0,0.0
O14907,0.0,0.0,0.0,0.0,0.0,0.0,0.0,0.0,0.0,0.0,0.0,0.0,0.0,0.0,0.0,0.0,0.0,0.0,0.0,0.0,0.0,0.0,0.0,0.0,0.026002971768202,0.0,0.0,0.0,0.0,0.0,0.0,0.0,0.0,0.0,0.0
O14936,0.0,0.0,0.0,0.0,0.0,0.0,0.0320366132723112,0.0,0.0552784704904405,0.0,0.0,0.0464601769911504,0.0,0.0,0.0,0.0,0.0201342281879194,0.0,0.0,0.0,0.0,0.8630136986301365,0.1,0.0411764705882352,0.0680100755667506,0.0,0.0,0.0,0.126126126126126,0.0,0.0,0.0976290097629008,0.0361570247933884,0.0982456140350876,0.0
O14965,0.0,0.0,0.0,0.0,0.0,0.0,0.0,0.0,0.0,0.0,0.2153846153846152,0.0,0.0,0.0,0.0,0.0,0.0,0.0,0.0,0.0,0.0,0.0,0.0,0.0,0.0051948051948051,0.0,0.0,0.0,0.0,0.0,0.0,0.0,0.0,0.0,0.0
O14976,0.0,0.0,0.0,0.0,0.0,0.0,0.0,0.0,0.0,0.0,0.0,0.0,0.0,0.0,0.0,0.0,0.0,0.0,0.0,0.0,0.0,0.0,0.0,0.0,0.0,0.0,0.0,0.0,0.0,0.0,0.0,0.4945054945054944,0.0,0.0,0.0
O15018,0.0,0.023489932885906,0.0,0.0,0.0,0.0,0.0,0.0,0.0,0.0,0.0,0.0,0.0,0.0,0.0,0.0,0.0,0.0,0.0,0.0,0.0,0.0,0.0,0.0,0.0,0.0,0.0,0.0,0.0,0.0,0.1920731707317071,0.0,0.007918552036199,0.0,0.0
O15085,0.0,0.0,0.0,0.0,0.0614035087719298,0.0,0.0,0.0,0.0,0.0,0.0,0.0,0.0,0.0,0.0,0.0,0.0,0.0,0.0,0.0,0.0,0.0,0.0,0.0,0.0,0.0,0.0,0.0,0.0,0.0,0.2651515151515149,0.0,0.0,0.0,0.0
O15169,0.0,0.0,0.0,0.0,0.0,0.0,0.0,0.0,0.0,0.0,0.0,0.0,0.0,0.0,0.0,0.0,0.0,0.0,0.0,0.0,0.0,0.0,0.0,0.0,0.026002971768202,0.0,0.0,0.0,0.0,0.0,0.0,0.0,0.0,0.0,0.0
O15264,0.0,0.0921052631578944,0.0327868852459016,0.0,0.0,0.0,0.0779944289693592,0.0,0.0,0.0,0.0,0.0,0.0,0.0,0.0,0.0,0.0072538860103626,0.0,0.0,0.0,0.0,0.0,0.0,0.0,0.0518326545723804,0.0,0.0,0.0,0.0,0.0,0.0,0.0,0.0157303370786516,0.0,0.0
O15355,0.0,0.0,0.0246768507638072,0.0,0.0,0.0,0.0,0.0,0.0,0.0,0.0,0.0,0.0,0.0,0.0,0.0,0.0,0.0,0.0,0.0,0.0,0.0,0.0,0.0,0.0025945144551519,0.0,0.0,0.0,0.0,0.0,0.0,0.2641509433962264,0.0,0.0,0.0
O43166,0.0,0.0,0.0,0.0,0.0,0.0,0.0,0.0,0.0,0.0,0.0,0.0,0.0,0.0,0.0,0.0,0.0,0.0,0.0,0.0,0.0,0.0,0.0,0.0,0.0,0.0,0.0,0.0,0.0,0.0,0.0,0.0,0.079455164585698,0.0,0.0
O43464,0.0,0.0,0.0,0.0,0.0,0.0,0.0,0.0,0.0,0.0,0.0,0.0,0.0,0.585657370517928,0.0,0.0,0.0,0.0,0.0,0.0,0.0,0.0,0.0,0.0,0.0,0.0,0.0,0.0,0.0,0.0,0.0,0.0,0.0,0.0,0.0
O43559,0.0,0.0,0.0,0.0,0.0,0.0,0.0,0.0,0.0,0.0,0.0,0.0,0.0,0.0,0.0,0.0,0.0289256198347106,0.0,0.0,0.0,0.0,0.0,0.0,0.0,0.1423816568047335,0.0,0.0,0.0,0.0,0.0,0.0,0.0109034267912772,0.0,0.0,0.0
O43683,0.0,0.0,0.0,0.0,0.0,0.0,0.19774011299435,0.0,0.0,0.0,0.0,0.0,0.0,0.0,0.0,0.0,0.0291666666666666,0.0,0.0,0.0,0.0,0.0,0.0,0.0,0.0,0.0,0.0,0.0,0.0,0.0,0.0,0.0220820189274447,0.0,0.0,0.0
O43719,0.0,0.0,0.0,0.0,0.0,0.0,0.0,0.0,0.0,0.0,0.0,0.0,0.0,0.0,0.0,0.0,0.0073068893528183,0.0,0.0,0.0,0.0,0.0,0.0,0.0,0.0,0.0,0.0,0.0,0.0,0.0,0.0,0.0332278481012658,0.0,0.49,0.0
O43791,0.0,0.3612903225806452,0.0239316239316239,0.0,0.2532299741602066,0.0,0.0725925925925926,0.0,0.0,0.0,0.0688202247191011,0.0608695652173913,0.0,0.0,0.0,0.0,3.409836065573771,0.0,0.0,0.0,0.0357142857142856,0.0182291666666666,0.0,0.0457516339869281,0.1809744779582366,0.13671875,0.0,0.0396600566572238,0.0,0.0,0.0858895705521472,0.0146596858638743,0.1334991708126036,0.0803059273422562,0.0
O60292,0.0,0.0,0.0,0.0,0.0,0.0,0.0,0.0,0.0,0.0,0.0,0.0,0.0,0.7824351297405188,0.0,0.0,0.0,0.0,0.0,0.0,0.0,0.0,0.0,0.0,0.0,0.0,0.0,0.0,0.0,0.0,0.0,0.0,0.0,0.0,0.0
O60861,0.0,0.0,0.341860465116279,0.0,0.0,0.0,0.1150684931506847,0.0,0.0,0.0,0.0,0.0,0.0,0.0,0.0,0.0,0.0,0.0,0.0,0.0,0.0,0.0,0.0,0.414473684210526,0.0,0.0305676855895196,0.0,0.0,0.0,0.0,0.0,0.0,0.0,0.0657276995305164,0.0
O60880,0.0,0.0,0.0,0.0,0.0,0.0,0.0,0.0,0.0,0.0,0.0906735751295335,0.0,0.0,0.0,0.0,0.0,0.0,0.0,0.0,0.0,0.0,0.0,0.0,0.0,0.0,0.0,0.0,0.0,0.0,0.0,0.0,0.0,0.0,0.0,0.0
O60885,0.0,0.0,0.0,0.0,0.0,0.0,0.0,0.0,0.0,0.0,0.0,0.0,0.0,0.8837675350701402,0.0,0.0,0.0,0.0,0.0,0.0,0.0,0.0,0.0,0.0,0.0,0.0,0.0,0.0,0.0,0.0,0.0,0.0,0.0,0.0,0.0
O75381,0.0,0.0,0.026615969581749,0.0248226950354609,0.0320121951219512,0.0,0.0,0.0,2.161520190023753,0.0,0.0,0.0,0.0295358649789029,0.0,0.0,0.0,0.0240756663800515,0.0,0.0,0.0,0.0,0.0,0.0459016393442623,0.00875,0.0362193859951707,0.1938461538461538,0.0,0.0,0.0303030303030303,0.0,0.0,0.33452807646356,0.1286764705882353,0.1037037037037036,0.0
O75400,0.0,0.42934691364933664,0.0,0.0,0.0,0.0,0.0,0.3758389261744966,0.0,0.0,0.0,0.0173267326732673,0.0,1.7979635779716063,0.0,0.0,0.07091056095139639,0.0,0.0,0.0,0.0,0.0,0.0,0.0110759493670886,0.0308437801181162,0.0,0.0,0.0,0.0,0.0,0.0,0.0209267563527653,0.0077177508269018,0.0,0.0
O75420,0.0,0.0,0.0,0.0,0.0,0.0,0.0,0.0,0.0,0.0,0.0,0.0,0.0,0.0,0.0,0.0,0.0570264765784112,0.0,0.0,0.0,0.0,0.0,0.0,0.0,0.0,0.0,0.0,0.0,0.0,0.0,0.0,0.0,0.0,0.0,5.090909090909092
O75425,0.0,0.0,0.0,0.0,0.0,0.0,0.0,0.0,0.0,0.0,0.0,0.0,0.0,0.0,0.0,0.0,0.0,5.444444444444445,0.0,0.0,0.0,0.0,0.0,0.0,0.0,0.0,0.0,0.0,0.0,0.0,0.021021021021021,0.0,0.0,0.0663507109004738,0.0
O75554,0.0,0.0,0.0957810718358034,0.0,0.0,0.0,0.1099476439790573,0.0,0.0,0.0,0.0,0.423173803526448,0.0,0.0,0.0,0.0,0.0070850202429149,0.0,0.0,0.0,0.0,0.0,0.0,0.7392,0.1696035242290746,0.0,0.0,0.0,0.0,0.0,0.0,0.0,0.0230010952902519,0.0,0.0
O75674,0.0,0.0,0.0,0.0,0.0,0.0,0.0,0.0,0.0,0.0,0.0,0.0,0.0,0.0,0.0,0.0,0.0366492146596855,0.0,0.0,0.0,0.0,0.0,0.0,0.0,0.0,0.0,0.0,0.0,0.0,0.0,0.0,0.0,0.0,0.0,0.0
O75791,0.0,0.0,0.0078563411896745,0.0578512396694214,0.0424242424242424,0.0,0.0,0.0,0.0,0.0,0.0484988452655889,0.0,0.0,0.0,0.0,0.0,0.0,0.0,0.0,0.0,0.0,0.0,0.0,0.0,0.0409057706355003,0.0,0.0,0.0,0.0,0.0,1.4020028612303286,0.0310650887573964,0.0075512405609492,0.1434426229508195,0.0
O75843,0.0,0.0,0.0,0.0,0.0,0.0,0.0,0.0,0.0,0.0,0.0,0.0,0.0,0.0,0.0,4.083333333333334,0.0,0.0,0.0,0.0,0.0,0.0,0.0,0.0,0.0,0.0,0.0,0.0,0.0,0.0,0.0,0.0,0.0,0.0,0.0
O75970,0.0,0.094276094276094,0.0,0.0,0.0,0.0,0.0,0.0,0.0,0.0,0.0,0.0,0.0,0.0,0.0,0.0,0.0073068893528183,0.0,0.0,0.0,0.0,0.0,0.0,0.0,0.0103934669636228,0.0,0.0,0.0,0.0,0.0,0.0,0.0,0.031710079275198,0.0,0.0
O94875,0.0,0.0,0.0070281124497991,0.0619469026548672,0.0816666666666666,0.0,0.1676646706586826,0.0,1.530364372469636,0.0,0.0,0.0135658914728682,0.0,0.0,0.0,0.0,0.006323396567299,0.0,0.0,0.0,0.0,0.0,0.0252707581227436,0.0,0.0295462539570875,0.0,0.0,0.0,0.0,0.0,0.3656716417910448,0.1792573623559535,0.0067829457364341,0.0601719197707734,0.0
O95166,0.0,0.0321100917431192,0.063894523326572,0.0,0.106779661016949,0.0,0.0,0.0,0.056910569105691,0.0,0.0,0.0,0.0,0.0,0.0,0.0443037974683544,1.7994530537830449,0.0,0.5533596837944664,0.0,0.0336538461538461,0.0,0.0643382352941176,0.0,0.0247087892693258,0.0,0.0,0.0,0.0424242424242424,0.0,0.017632241813602,0.0544747081712062,0.2328767123287671,0.0412979351032448,0.0
O95271,0.0,0.0,0.0396375990939977,0.0,0.0,0.0,0.0,0.0,0.0,0.0,0.0,0.0,0.2058823529411764,1.1909262759924386,0.0,0.0,0.1267605633802816,0.0,0.0,0.0,0.0,0.0,0.0,0.0,0.0025641025641025,0.0,0.0,0.0,0.0,0.0,0.0,0.0,0.0076169749727965,0.059322033898305,0.0
O95319,0.0,1.3050847457627115,0.0,0.0,0.0,0.0,0.0,0.0,0.0,0.0,0.0,0.0990566037735848,0.0,0.0,0.0,0.0,0.0275862068965517,0.0,0.0,0.0,0.0555555555555555,0.0,0.0,0.0,0.025445292620865,0.1394422310756972,0.0,0.0,0.0,0.0,0.0,0.3047895500725688,0.0819148936170212,0.0544747081712062,0.0
O95400,0.0,0.0904392764857881,0.0,0.0,0.0,0.0,0.0316742081447963,0.1386138613861386,0.0,0.1696969696969697,0.0584551148225469,0.0306345733041575,0.6885245901639344,0.0,0.0,0.0,0.0801526717557252,0.0,0.0,0.0,0.0,0.0,0.0,0.0408759124087591,0.0905172413793103,0.0,0.0,0.0,0.0,0.0,0.0281879194630872,0.0,0.1294964028776978,0.0724137931034482,0.7832167832167832
O95628,0.0,0.0,0.0,0.0,0.0,0.0,0.0,0.0,0.0,0.0,0.0,0.0,0.0,0.0,0.0,0.0,0.0,0.0,0.0,0.0,0.0,0.0,0.0,0.0,0.0,0.0,0.0,0.0,1.6800000000000002,0.0,0.0,0.0,0.0,0.0,0.0
O95630,0.0,0.0806916426512968,0.0,0.0,0.0,0.0,0.0,0.0,0.0,0.0,0.0,0.4028776978417266,0.0,0.0,0.0,0.0,0.0138888888888888,0.0,0.0,0.0,0.0,0.0,0.0,0.0,0.6275510204081629,0.0,0.0,0.0,0.0,0.0,0.0,0.0,0.015005359056806,0.056,0.0
O95747,0.0,0.4530744336569575,0.0,0.0,0.0,0.0,0.0,0.0,0.0060008572653236,0.0,0.0,0.0,0.0,0.0,0.0,0.0,0.0072164948453608,0.0,0.0,0.0,0.0,0.0,0.0167865707434052,0.0,0.0103473762010346,0.1378555798687089,0.0,0.0,0.0,0.0,0.0209895052473762,0.0,0.0156424581005586,0.0,0.0
O95817,0.0,0.1703853955375251,1.5973154362416102,0.0,0.0,0.0,0.5364963503649631,0.0227272727272727,0.0,0.0,0.0,0.2611012433392538,0.0,0.0,0.0,0.0,0.0060658578856152,0.0,0.0,0.0,0.0,0.1089494163424124,0.0,1.0530973451327434,1.0342560553633215,0.2402496099843994,0.0,0.4336283185840703,0.0,0.0,0.0,0.109903381642512,0.3243744207599628,0.106060606060606,0.0
O96018,0.0,0.0,0.0,0.0,0.0306345733041575,0.0,0.0,0.0,0.0,0.0,0.0,0.0,0.0,0.0,0.0,0.0,0.0,0.0,0.0,0.0,0.0,0.0,0.0,0.0698835274542428,0.0103703703703702,0.0,0.0,0.0,0.0,0.0,0.0953101361573373,0.0,0.0,0.0,0.0
P00519,0.0,0.1618497109826588,0.0,0.0,0.112,0.0,0.3665835411471321,0.0,0.0,0.0,0.0,0.1009615384615383,0.0,0.0,0.0,0.0,0.0,0.0,0.0,0.0,0.3559322033898303,0.0,0.0,0.0,0.1148377688662047,0.0,0.0,0.0,0.0,0.0,0.1988636363636362,0.0102790014684287,0.0150214592274678,0.0,0.0
P02549,0.0,0.0,0.0,0.0,0.0570032573289902,0.0,0.0,0.6363636363636365,0.5128824476650564,0.0,0.0253623188405797,0.0132075471698113,0.0,0.0,0.0,0.0,0.0,0.0,0.0,0.0,0.0,0.0,0.1355633802816901,0.0,0.0098004900245012,0.1381578947368419,0.0,0.0,0.037037037037037,0.0,0.0684596577017114,0.0,1.3049713193116634,0.0,0.0
P06241,1.2352941176470589,0.0179487179487179,0.0,0.0,0.0,0.0,0.0,1.024390243902439,0.0,2.0,0.0,0.0304347826086956,0.0,0.0,0.0,0.0,0.0133206470028544,0.0,0.0,0.0,0.0,0.0,0.0,0.0508720930232558,0.110513096519555,0.0130111524163568,0.0,0.0,0.0,0.0,0.0,0.0096551724137931,0.6454918032786885,0.0238907849829351,0.0
P06730,0.0,0.0,0.0,0.0,0.0,0.0,0.0,0.0,0.0,0.0,0.0,0.0,0.0,0.0,0.0,0.0,0.0,0.0,0.0,0.0,0.0,0.0,0.0687960687960688,0.0,0.0129821958456973,0.0,0.0,0.0,0.0,0.0,0.0,0.0,0.0,0.0,0.0
P07900,0.0,0.0,0.0,0.0,0.0,0.0,0.0,0.0,0.0030042918454935,0.0,0.0,0.0,0.0,0.0,0.0,0.0,0.0,0.0,0.0,0.0,0.0,0.0,0.4057971014492748,0.0,0.0,0.0308370044052863,0.0,0.0,0.0,0.0,0.0105421686746987,0.0,0.0,0.0,0.0
P07947,1.2173913043478262,0.0178571428571428,0.0,0.0,0.0,0.0,0.0,0.8454106280193235,0.0,1.9764705882352935,0.0,0.0454545454545454,0.0,0.0,0.0,0.0,0.0132953466286799,0.0,0.0,0.0,0.0,0.0,0.0,0.0,0.1229831480817497,0.0129629629629629,0.0,0.0,0.0,0.0,0.0,0.0096286107290233,0.679959100204499,0.023728813559322,0.0
P08238,0.0,0.0,0.0,0.0,0.0,0.0,0.0,0.0,0.0029991431019708,0.0,0.0,0.0,0.0,0.0,0.0,0.0,0.0,0.0,0.0,0.0,0.0,0.0,0.7033492822966505,0.0,0.0,0.0,0.0,0.0,0.0,0.0,0.0314371257485029,0.0108527131782945,0.0,0.0328638497652582,0.0
P08567,0.0,0.0,0.0,0.0,0.0,0.0,0.0,0.0,0.0118143459915611,0.0,3.468036529680365,0.0,0.0,0.0,0.0,0.0,0.0139026812313803,0.0,0.0,0.0,0.0,0.0,0.0462555066079295,0.0,0.0,0.0,0.0,0.0,0.0,0.0,0.0,0.0,0.0,0.0,0.0
P09012,0.0,0.0,0.0,0.0,0.0,0.0,0.0,0.0,0.0,0.0,0.0,0.0,0.0,0.0,0.0,0.0,0.0,0.0,0.0,0.0,0.0,0.0,0.0,0.0,0.0389899740066835,0.0,0.0,0.0,0.0,0.0,0.0,0.0,0.0,0.0,0.0
P0CG48,0.0,0.0,0.0,0.0,0.0,0.0,0.0,0.0,0.0,0.0,0.0,0.0,0.0,0.0,0.0,0.0,0.0,0.0,0.0,0.0,0.0,0.0,0.0,0.0,0.051967334818114,0.0,0.0,0.0,0.0,0.0,0.0,0.0,0.0,0.0,0.0
P0DP23,0.0,0.0,0.0,0.0,0.0,0.0,0.0,0.0,0.0,0.0,0.0,0.1272727272727273,0.0,0.0,0.0,0.0,0.0,0.0,0.0,0.0,0.0,0.0,0.0,0.0,0.0077433628318584,0.0,0.0,0.0,0.0,0.9545454545454544,0.0,0.0107692307692307,0.0932297447280796,0.0642201834862385,0.0
P0DP24,0.0,0.0,0.0,0.0,0.0,0.0,0.0,0.0,0.0,0.0,0.0,0.5497382198952876,0.0,0.0,0.0,0.0,0.0215827338129496,0.0,0.0,0.0,0.0,0.0,0.0,0.0,0.0465116279069765,0.0,0.0,0.0,0.0,0.0,0.0,0.0108191653786707,0.0233853006681514,0.0,0.0
P11362,0.0,0.0,0.041224970553592,0.0,0.0,0.0,0.0,0.0,0.0,0.0,0.0,0.0,0.0,0.0,0.0,0.0,0.0,0.0,0.0,0.0,0.0,0.0,0.0,0.0,0.0649109792284865,0.0,0.0,0.0,0.0,0.0,0.0,0.0,0.0,0.0,0.0
P11532,0.0,0.0,0.0483314154200226,0.0,0.0,0.0,0.1122994652406414,0.0,0.0,0.0,0.0,0.323907455012853,0.0,0.0,0.0,0.0,0.0,0.0,0.0,0.0,0.0,0.0,0.0,0.7487844408427871,0.108247422680412,0.0599571734475374,0.0,0.0,0.0,0.0,0.0,0.010703363914373,0.0,0.0,0.0
P11940,0.0,0.0,0.0,0.0,0.0,0.0,0.0,0.0,0.0,0.0,0.0,0.0,0.0,0.0,0.0,0.0,0.0,0.0,0.0,0.0,0.0,0.0,0.0,0.0,0.0,0.0,0.0,0.0,0.0,1.6333333333333333,0.0,0.1664025356576859,0.0,0.0,0.0
P12814,0.0,0.0,0.0,0.0,0.0,0.0,0.0,0.0,3.915348101265823,0.0,0.0,0.0,0.0,0.0,0.0,0.0,0.0,0.0,0.0,0.0,0.0,0.0,0.0,0.0,0.0,0.0,0.0,0.0,0.0,0.0,0.0487238979118328,0.0,0.0,0.0,0.0
P12931,4.602757352941176,0.0,0.0,0.0588235294117647,0.0,0.0,0.0,0.1818181818181816,0.0,1.0769230769230769,0.0,0.0,0.0,0.0,0.0,0.0,0.0,0.0,0.0,0.0,0.0,0.0,0.0,0.0,0.0,0.0,0.0,0.0,0.0,0.0,0.0,0.0,0.2118918918918916,0.0,0.0
P13861,0.0,0.0,0.0,0.0,0.0,0.0,0.0,0.0,0.0,0.0,0.0,0.0,0.0,0.0,0.0,0.0,0.0,0.0,0.0,0.0,0.0,0.0,0.0343980343980344,0.0,0.0,0.0,0.0,0.0,0.0,0.0,0.213089802130898,0.0220820189274446,0.0,0.0,0.0
P15311,0.0,0.0184696569920844,0.0856269113149847,0.0910780669144981,0.0767543859649122,0.0,0.068880688806888,0.0122164048865619,4.181883537023724,0.0,0.0164705882352941,0.0084541062801932,0.0,0.0,0.0,0.0,0.0345313601127554,0.0,0.1095652173913043,0.0,0.0,0.0,0.0404157043879907,0.0,0.0332805071315372,1.344370860927152,0.0148936170212765,0.0,0.0143737166324435,0.0,0.2634408602150538,1.344922232387923,0.0260416666666666,0.3177004538577912,0.0
P15735,0.0,0.0,0.0,0.0,0.0,0.0,0.0,0.0,0.0,0.0,0.0,0.0,0.0,0.0,0.0,0.0,0.0,0.0,0.0,0.0,0.0,0.0,0.0,0.0,0.0,0.1580135440180585,0.0,0.0,0.0,0.0,0.0,0.0,0.0,0.0,0.0
P15927,0.0,0.0,0.0,0.0,0.0,0.0,0.0,0.0,0.0,0.0,0.0,0.0,0.0,0.7529880478087649,0.0,0.0,0.0,0.0,0.0,0.0,0.0,0.0,0.0,0.0,0.0,0.0,0.0,0.0,0.0,0.0,0.0,0.0,0.0,0.0,0.0
P16333,0.0,0.0,0.0,0.0,0.0144628099173553,0.0,0.0,0.0,0.0,0.0,0.0,0.0,0.0,0.0,1.8846153846153848,0.0,0.0282542885973762,0.0,0.0476190476190476,0.0,0.0,0.0,0.0,0.0,0.0,0.0,0.0,0.0,0.0,0.0,0.0,0.0,0.0,0.0,0.0
P18206,0.0,0.0,0.0,0.0,0.0,0.0,0.0,0.0,0.0,0.0,0.0,0.0,0.0,0.0,0.0,0.0,0.0072916666666666,0.0,0.0,0.0,1.1830985915492958,0.0,0.0,0.0,0.0,0.0313199105145413,0.0,0.0,0.0,0.0,0.0,0.0110410094637223,0.0,0.0,0.0
P18615,0.0,0.0,0.0,0.0,0.0,0.0,0.0,0.0,0.0,0.0,0.0,0.0,0.0,0.0,0.0,0.0,0.0,0.0,0.0,0.0,0.2763157894736841,0.0,0.0,0.0,0.0,0.0,0.0,0.0,0.0,0.0,0.0,0.438184663536776,0.0,0.0,0.0
P20393,0.0,0.0,0.0,0.0,0.0,0.0,0.0,0.0,0.0,0.0,0.0,0.0,0.0,0.0,0.0,0.0,0.0366492146596855,0.0,0.0,0.0,0.0,0.0,0.0,0.0,0.0,0.0,0.0,0.0,0.0,0.0,0.0,0.0,0.0,0.0,0.0
P22061,0.0,0.0,0.0,0.0,0.0,0.0,0.0,0.0,0.0,0.0,0.0,0.0,0.0,0.0,0.0,0.0,0.0,0.0,0.0,0.0,0.0,0.0,0.0,0.0,0.0,0.0,0.0,0.0,0.0,0.0,0.0,0.055379746835443,0.0,0.0,0.0
P23284,0.0,0.0,0.0079006772009029,0.0603448275862069,0.0285714285714285,0.0,0.0179028132992327,0.0,0.0,0.0,0.0327102803738317,0.0517241379310344,0.0,0.0,0.0,0.0,0.0070210631895687,0.0,0.0,0.0,0.0,0.0,0.0,0.0220820189274447,0.0281741675814123,0.0723140495867765,0.0,0.0,0.0,0.0,0.1512968299711815,0.9493293591654244,0.0,0.0,0.0
P25685,0.0,0.0,0.0,0.0,0.0,0.0,0.0,0.0,0.0,0.0,0.0,0.0,0.0,0.0,0.0,0.0,0.363070539419087,0.0,0.0,0.0,0.0,0.0,0.0,0.0,0.0,0.0,0.0,0.0,0.0,0.0,0.0,0.0,0.0,0.0,0.0
P26038,0.0,0.0381991814461118,0.0818394388152767,0.1091617933723196,0.0710259301014656,0.0,0.0177664974619289,0.0,4.235038084874865,0.0,0.0763636363636363,0.0,0.0,0.0,0.0,0.0,0.0703012912482066,0.0,0.0509090909090909,0.0,0.0,0.0,0.0499405469678953,0.0,0.029073482428115,0.6197502837684443,0.0157303370786516,0.0,0.0151515151515151,0.0,0.4042163153070576,0.8192883895131086,0.0212282031842304,0.3962264150943396,0.0
P26196,0.0,0.6645569620253166,0.0,0.0,0.0,0.0,0.0,0.0,0.0418803418803418,0.0,0.0,0.0,0.0,0.0,0.0,0.0,0.0,0.0,0.0,0.0,0.0,0.0,0.0,0.022801302931596,0.0051603391079984,0.0,0.0,0.0,0.0,0.0,0.0207715133531156,0.0,0.0,0.0,0.0
P26368,0.0,0.0,0.0,0.0,0.0,0.0,0.0,0.0,0.0,0.0,0.0,0.095628415300546,0.0,0.0,0.0,0.0,0.0,0.0,0.0,0.0,0.0,0.0,0.0,0.0,0.0259933160044559,0.0,0.0,0.0,0.0,0.0,0.0,0.276461295418641,0.0,0.0,0.0
P26599,0.0,0.3154929577464788,0.0,0.0,0.0,0.0,0.0,0.0411764705882352,0.0,0.0,1.879194630872483,0.0,0.0,0.0,0.0,0.1818181818181818,0.0413385826771652,0.0,0.0,0.0,0.0551181102362204,0.0,0.0,0.0,0.0050872093023255,0.0,0.0,0.0,0.0,0.0,0.0785413744740533,0.0,0.0148777895855472,0.0271317829457364,0.063063063063063
P27361,0.0,0.0,0.0,0.0,0.0,0.0,0.0,0.0,0.0,0.0,0.0,0.0,0.0,0.0,0.0,0.0,0.0073221757322175,0.0,0.0,0.0,0.0,0.0,0.0,0.0,0.0,0.0,0.0,0.0,0.0,0.0,0.0,0.0,0.0317820658342792,0.0,0.0
P27986,0.0,0.3115727002967358,0.0,0.0,0.0,0.0,0.0,0.0,0.0,0.0,0.0,0.0,0.0,0.0,0.0,0.0,0.0701402805611222,0.0,0.0,0.8235294117647057,0.0,0.0,0.0157303370786516,0.0,0.0512070226773957,0.0,0.0,0.0,0.0,0.0,0.0100719424460431,0.0,0.0075839653304442,0.0,0.0
P28482,0.0,0.0,0.0,0.0,0.0,0.0,0.0,0.0,0.0,0.0,0.0,0.0,0.0,0.0,0.0,0.0,0.0,0.0,0.0,0.0,0.3456790123456788,0.0,0.0,0.1383855024711696,0.0206947524020694,0.0,0.0,0.0,0.0,0.0,0.0,0.0,0.0078212290502793,0.0,0.0
P29353,0.0,0.0,0.0324074074074074,0.0,0.0,0.0,0.0,0.0,0.0,0.0,0.0,0.0,0.0,0.0,0.0,0.0,0.0287179487179487,0.0,0.0,0.0,0.0,0.2692307692307691,0.0,0.1143790849673202,0.0,0.0454545454545454,0.0,0.0,0.8139534883720929,0.0,0.0104166666666666,0.0,0.0077777777777777,0.064516129032258,0.0
P30414,0.0,0.0,0.0317820658342792,0.0,0.0,0.0,0.0,0.0,0.0,0.0,0.0,0.0,0.0,0.0,0.0,0.3962264150943396,0.0282258064516129,0.0,0.0,0.0,0.0,0.8842105263157896,0.0,0.0222575516693162,0.0923753665689148,0.0,0.0,0.0,0.0,0.0,0.0,0.0105105105105105,0.0229007633587786,0.0,0.0
P31483,0.0,0.0,0.0,0.0,0.0,0.0,0.0,0.0,0.0,0.0,0.0,0.0,0.0,0.8802395209580836,0.0,0.0,0.0,0.0,0.0,0.0,0.0,0.0,0.0,0.0,0.0,0.0,0.0,0.0,0.0,0.0,0.0,0.0,0.0,0.0,0.0
P31946,0.0,0.0,0.0,0.0,0.0,0.0,0.0,0.0,0.0,0.0,0.0906735751295335,0.0,0.0,0.0,0.0,0.0,0.0,0.0,0.0,0.0,0.0,0.0,0.0,0.0,0.0,0.0,0.0,0.0,0.0,0.0,0.0,0.0,0.0,0.0,0.0
P31948,0.0,0.0,0.0,0.0,0.0,0.0,0.0,0.0,0.0,0.0,0.0,0.0,0.0,0.0,0.0,0.0,0.0,0.0,0.0,0.0,0.0,0.0,0.0,0.0,0.0,0.0,0.0,0.0,0.0,0.0,0.0,0.0556438791732905,0.0,0.0,0.0
P31949,0.0,0.0,0.0,0.0,0.0,0.0,0.0,0.0,0.0,0.0,0.0,0.0,0.0,0.0,0.0,0.0,0.0,0.0,0.0,0.0,0.0,0.0,0.2079207920792076,0.0,0.0,0.0,0.0,0.0,0.0,0.0,0.0,0.0,0.0,0.0,0.0
P33240,0.0,0.0,0.0,0.0,0.0,0.0,0.0,0.0,0.0,0.0,0.0,0.0,0.0,0.1936758893280632,0.0,0.0,0.0,0.0,0.0,0.0,0.0,0.0,0.0,0.0,0.0,0.0,0.0,0.0,0.0,0.0,0.0,0.5426356589147284,0.0,0.0,0.0
P33981,0.0,0.0,0.0,0.0,0.0,0.0,0.2,0.0,0.0,0.0,0.0,0.0,0.0,0.0,0.0,0.0,0.0,0.0,0.0,0.0,0.0,0.0,0.0,0.0,0.0,0.0,0.0,0.0,0.0,0.0,0.0,0.0,0.0,0.0,0.0
P35240,0.0,0.0,0.0,0.0,0.0,0.0,0.0,0.0,0.4115892628887941,0.0,0.0,0.0,0.0,0.0,0.0,0.0,0.0,0.0,0.0,0.0,0.0,0.0,0.0,0.0,0.0,0.0,0.0,0.0,0.0,0.0,0.0,0.2127659574468084,0.0,0.0,0.0
P35241,0.0,0.0891203703703703,0.0891089108910891,0.0869565217391304,0.1031434184675835,0.0,0.0380848748639825,0.0206185567010309,4.173822714681441,0.0,0.0585774058577405,0.0,0.011686143572621,0.0,0.0,0.0,0.0688524590163934,0.0,0.092511013215859,0.0,0.0,0.0,0.0432098765432098,0.036144578313253,0.0450781968721251,1.701581027667984,0.0,0.0,0.0236087689713322,0.0,0.257774140752864,1.34278565471226,0.1979310344827586,0.3559322033898303,0.0
P35269,0.0,0.0,0.0,0.0,0.0,0.0,0.0,0.0,0.0,0.0,0.0,0.0,0.0,0.0,0.0,0.0,0.0,0.0,0.75,0.0,0.0,0.0,0.0,0.0,0.0,0.0,0.0,0.0,0.0,0.0,0.0,0.0,0.0,0.0,0.0
P35568,0.0,0.0,0.0,0.0,0.0,0.0,0.0,0.0,0.0,0.0,0.0,0.0,0.0,0.0,0.0,0.0,0.0,0.0,0.0,0.0,0.0804597701149425,0.0,0.0,0.0,0.0,0.0,0.0,0.0,0.0,0.9545454545454544,0.0,0.0,0.0,0.0,0.0
P36873,0.0,0.0,0.0,0.0,0.0,0.0,0.0,1.975806451612903,0.0,0.0,0.0,0.0,0.0,0.0,0.0,0.0,0.0072164948453608,0.0,0.0,0.0,0.0,0.0,0.0,0.0,0.0103473762010347,0.0153172866520787,0.0,0.0,0.0,0.0,0.0,0.0,0.0,0.0330188679245283,0.0
P37231,0.0,0.0,0.0,0.0,0.0,0.0,0.0,0.0,0.0,0.5903614457831321,0.0,0.0,0.0,0.0,0.0,0.0,0.0,0.0,0.0,0.0,0.0,0.0,0.0,0.0,0.0,0.0,0.0,0.0,0.0,0.0,0.0,0.0,0.062850729517396,0.0,0.0
P40818,0.0,0.0,0.0,0.0,0.0,0.0,0.0,0.0,0.0,0.0,0.0,0.0,0.0,0.0,0.0,2.7222222222222223,0.0,0.0,0.0,0.0,0.0,0.0,0.0,0.0,0.0,0.0,0.0,0.0,0.0,0.0,0.0,0.0,0.0,0.0,0.0
P42566,0.0,0.1408045977011494,0.0,0.0,0.0,0.0,0.0173697270471464,3.006134969325154,0.0,0.0,0.0,0.0669856459330143,0.0,0.0,0.0,0.0,0.0138751238850346,0.0,0.0,0.0,0.0,0.0,0.0,0.0,0.0153005464480874,0.0987903225806451,0.0,0.0,0.0,0.5454545454545454,0.0,0.0102489019033674,0.1798715203426121,0.0557768924302788,0.0
P43487,0.0,0.0,0.0,0.0,0.0,0.0,0.0,0.0,0.0,0.0,0.0,0.0,0.0,0.0,0.0,0.0,0.0,0.0,0.0,0.0,0.0,0.0,0.7135922330097084,0.0,0.0,0.0,0.0,0.0,0.0,0.0,0.0,0.0,0.0,0.0,0.0
P45973,0.0,0.0,0.0,0.0,0.0,0.0,0.0,0.0,0.0,0.0,0.0,0.0,0.0,0.0,0.0,0.0,0.0,0.0,0.0,0.0,0.0,0.0,0.6176470588235292,0.0,0.0,0.0,0.0,0.0,0.0,0.0,0.0,0.0,0.0,0.0,0.0
P45983,0.0,0.045016077170418,0.0,0.0,0.0,0.0,0.0,0.0,0.0,0.1573033707865168,0.0,0.0,0.0,0.0,0.0,0.0,0.0,0.0,0.0,0.0,0.0,0.0,0.0,0.0,0.0,0.0,0.0,0.0,0.0,1.05,0.0,0.0,0.0312151616499442,0.0,0.0
P46108,0.0,0.0,0.0,0.0,0.0,0.0,0.0,0.0,0.1467927631578947,0.0,0.0,0.0732217573221757,0.0,0.0,0.1076923076923077,0.0,0.039289055191768,0.0,0.0,0.0,3.237089201877934,0.0406976744186046,0.0542635658914728,0.0099150141643059,0.0748663101604278,0.1007194244604316,0.0,0.0,0.0,0.0,0.0,0.0188425302826378,0.028169014084507,0.045016077170418,0.0
P46934,0.0,0.584408842169451,5.4691401209798975,0.0,0.0,0.0,1.5609992081354545,0.0,0.0,0.0,0.0,3.596143039746331,0.0,0.0,0.0,0.0,0.0125849658844204,0.0,0.0,0.0,0.0,0.2764375236726098,0.0,3.4428588119493275,2.5252718249333004,0.2022949324869086,0.0,1.0791666666666662,0.0,0.0,0.0262176284373926,0.0,0.464586555126706,0.2051993620414672,0.0
P46937,0.0,0.457084088690559,3.251321012475513,0.0,0.0,0.0,1.3536205889147062,0.0,0.0,0.0,0.0,2.299688648427929,0.09383797309978101,0.0,0.0,0.0,0.0,0.0,0.0,0.0,0.0,0.157017543859649,0.0,1.647640521949914,1.271590670959956,0.0751148815835984,0.0,0.6163522012578616,0.0,0.0,0.0267857142857142,0.0,0.238252086078173,0.0851063829787234,0.0
P48730,0.0,0.0,0.0,0.0,0.0,0.0,0.0,0.0,0.0,0.0,0.0,0.0,0.0,0.0,0.0,0.0,0.0,0.0,0.0,0.0,0.0,0.0,0.0,0.0,0.0,0.0,0.0,0.0,0.0,0.0,0.0427480916030532,0.0,0.0,0.63,0.0
P49792,0.0,0.0,0.0,0.0,0.2739130434782604,0.0,0.0,0.0,0.0,0.0,0.0,0.0938337801608575,0.0,0.0,0.0,0.0,0.0145228215767634,0.0,0.0,0.0,0.0,0.0,0.0,0.0,0.0907407407407405,0.0154185022026431,0.0,0.0,0.0,0.0,0.0,0.0109204368174727,0.0078740157480314,0.0,0.0
P50552,0.0,0.0,0.0081395348837209,0.0,0.0,0.0,0.0,0.0,0.0,0.0,0.3482587064676615,0.0,0.0,0.0,0.0,0.0,0.0,0.0,0.0,0.0,0.0,0.0,0.0,0.0460526315789473,0.0103435537495382,0.0,0.0,0.0,0.0,0.0,0.0,0.0,0.0,0.0,0.0
P51114,0.0,0.0309050772626931,0.0069790628115653,0.0,1.038135593220339,0.0,0.0,0.0,0.0,0.0,0.0,0.1204588910133843,1.5638297872340423,0.0,0.0,0.0,0.2028101807618882,0.0,0.0,0.0,0.0,0.0,0.2620320855614973,0.0093209054593874,0.1031578947368421,0.15663807816728909,0.0,0.0,0.0,0.0,0.0776818742293464,0.0088832487309644,0.1482194417709336,0.0196629213483146,0.3349282296650718
P51116,0.0,0.0,0.0,0.0,1.0698689956331873,0.0,0.0,0.0,0.0,0.0,0.0,0.0,0.0,0.0,0.0,0.0,0.0,0.0,0.0,0.0,0.0,0.0,0.0,0.0,0.0,0.0,0.0,0.0,0.0,0.0,0.0,0.0,0.0,0.0,0.0
P51610,0.0,0.0,0.0,0.0,0.0,0.0,0.0,0.0,0.0,0.0,0.0,0.0,0.0,0.0,2.578947368421052,0.0,0.0,0.0,0.0,0.0,0.0,0.0,0.0,0.0,0.0,0.0,0.0,0.0,0.0,0.0,0.0,0.0,0.0,0.0,0.0
P52948,0.0,0.0,0.0,0.0,0.0,0.0,0.0,0.0,0.0,0.0,0.0,0.0,0.0,0.0,0.0,0.0,0.0,0.0,1.11504424778761,0.0,0.0,0.0,0.0,0.0,0.0,0.0,0.0,0.0,0.0,0.0,0.0,0.0,0.0,0.0,0.0
P54274,0.0,0.0,0.0,0.0,0.0,0.0,0.113821138211382,0.0,0.0,0.0,0.0,0.2187499999999998,0.0,0.0,0.0,0.0,0.0,0.0,0.0,0.0,0.0,0.0,0.0,0.0,0.2323865732202137,0.0303030303030302,0.0,0.0,0.0,0.0,0.0104166666666666,0.0,0.039772727272727,0.0,0.0
P54762,0.0,0.0,0.0,0.0,0.0,0.0,0.0,0.0,0.0,0.0,0.0,0.0,0.0,0.0,0.0,0.0,0.0,0.0,0.0,0.0,0.0,0.0,0.7188264058679705,0.0,0.0,0.0,0.0,0.0,0.0,0.0,0.0,0.0,0.0,0.0,0.0
P55072,0.0,0.0,0.0,0.0,0.6461538461538463,0.0,0.0,0.0,0.003010752688172,0.0,0.0,0.0,0.0,0.0,0.0,0.0,0.0,0.0,0.0,0.0,0.0,0.0,0.0,0.0,0.0,0.0,0.0,0.0,0.0,0.0,0.0,0.0,0.0,0.0,0.0
P55196,0.0,0.0,0.0,0.0,0.0,0.0,0.0,0.0,0.0,0.0,0.0,0.0,0.0,0.6679920477137171,0.0,0.0,0.0,0.0,0.0,0.0,0.0,0.0,0.0,0.0,0.0,0.0,0.0,0.0,0.0,0.0,0.0,0.0,0.0,0.0,0.0
P55884,0.0,0.0,0.0,0.0,0.0,0.0,0.0,0.0,0.0,0.0,0.0,0.0,0.0,0.0,0.0,0.0,0.0,0.0,0.0,0.0,0.0,0.0,0.0,0.0,0.0,0.0,0.0,0.0,0.0,0.0,0.0,0.0,0.0,0.0,1.814814814814814
P57105,0.0,0.0,0.022875816993464,0.0472972972972973,0.0268199233716475,0.0,0.0496453900709219,0.0382513661202185,0.140468227424749,0.0,0.0152173913043478,0.0,0.0,0.0,0.0,0.0,0.0340136054421768,0.0,0.0,0.0,0.0,0.0,0.0588235294117647,0.0,0.0177215189873417,0.0,0.0,0.0,0.0,0.0,1.349862258953168,0.0,0.0146750524109014,0.25830258302583,0.0
P60484,0.0,0.0,0.0,0.0,0.0,0.0,0.0,0.0,0.0,0.0,0.0,0.0374331550802139,0.0,0.0,0.0,0.0,0.0,0.0,0.0,0.0,0.0,0.0,0.2548543689320385,0.0,0.0441732394639215,0.0,0.0,0.0,0.0,0.0,0.0,0.0,0.0,0.0,0.0
P60520,0.0,0.2413793103448276,0.051255230125523,0.0,0.05,0.0,0.0911062906724512,0.0,0.0,0.0,0.0,0.0147058823529411,0.0,0.0,0.0,0.109375,1.7713214620431113,0.0,0.5650224215246638,0.0,0.0786516853932584,0.0,0.0,0.0,0.0299678915447734,0.0,0.0,0.0,0.0,0.0,0.0732984293193717,0.0755735492577597,0.0070564516129032,0.0226537216828478,0.0
P60660,0.0,0.0,0.0,0.0,0.0,0.0,0.0,0.0,0.0,0.0,0.0,0.0,0.0,0.0,0.0,0.0,0.0,0.0,0.0,0.0,0.0,0.0,0.0,0.0,0.0051967334818114,0.078651685393258,0.0,0.0,0.0,0.0,0.0,0.0,0.0,0.0,0.0
P61011,0.0,0.0,0.0,0.0,0.2763157894736838,7.0,0.0,0.0,0.0,0.0,0.0,0.0,0.0,0.0,0.0,0.0,0.0581516095534786,0.0,0.0,0.0,0.0,0.0,0.0,0.0,0.0,0.0155555555555555,0.0,0.0,0.0,0.0,0.0,0.0,0.0,0.0,0.0
P61964,0.0,0.165680473372781,0.0945945945945946,0.0,0.0426829268292682,0.0,0.0,0.0,0.014817950889077,0.0,0.0976744186046511,0.0,0.0,0.0,0.0,0.0,0.021021021021021,0.0,0.0,0.0,0.0,0.0,0.0,0.0,0.0358318098720292,0.907407407407407,0.0,0.0,0.0,0.0,0.0,0.0,0.0,0.2323651452282156,0.0
P62136,0.0,0.0,0.007,0.1217391304347826,0.0,0.0,0.0,0.0,0.0,0.0,2.55719557195572,0.0,0.0756756756756756,0.0,0.0,0.0,0.3276327632763276,0.0,0.0524344569288389,0.0,0.0,0.0,0.050179211469534,0.0093582887700534,0.0614682121531436,0.374581939799331,0.0,0.0,0.3519553072625697,0.0,0.0346534653465346,0.3923566878980892,0.081081081081081,0.1586402266288952,0.0
P62837,0.0,0.0,0.0,0.5675675675675677,0.0,0.0,0.0,0.0,0.0,0.0,0.0,0.0,0.0,0.0,0.0,0.0,0.0,0.0,0.0,0.0,0.0,0.0,0.0,0.0,0.0,0.0,0.0,0.0,0.0,0.0,0.0,0.0,0.0,0.0,0.0
P62937,0.0,0.0,0.0,1.5,0.0,0.0,0.0,0.0,0.0,0.0,0.0,0.0,0.0,0.0,0.0,0.170731707317073,0.0754162585700293,0.0,0.0,0.0,0.0,0.6774193548387096,0.0,0.0425531914893617,0.015233949945593,0.0,0.0,0.0,0.0,0.0,0.107242339832869,0.0503597122302158,0.022198731501057,0.0,0.0
P62942,0.0,0.0,0.0,0.0,0.0,0.0,0.0,0.0,0.0,0.0,0.0,0.0190735694822888,0.0,0.0,0.0,0.0,0.0,0.0,0.0,0.0,0.0,0.0,0.0864197530864195,0.0,0.0025983667409057,0.0,0.0,0.0,0.0,0.0,0.0,0.0,0.0,0.0,0.0
P62993,0.0,0.022801302931596,0.0,0.0,0.0,0.0,0.0,0.8032786885245897,0.0,0.0,0.0,0.0,0.0,0.0,0.0,0.0,0.0,0.0,0.0,0.0,0.0,0.0,0.0,0.0,0.0232988165680473,0.0153846153846153,0.0,0.0,0.0,0.0,0.0,0.0,0.0,0.0,0.0
P63010,0.0,0.0,0.0,0.0,0.0149572649572649,0.0,0.0,0.0,0.0,0.0,0.0,0.0,0.0,0.0,0.0,0.0,0.043076923076923,0.0,0.0534351145038167,0.0,0.0,0.0,0.0,0.0,0.0,0.0,0.0,0.0,0.0,0.8139534883720929,0.0,0.0,0.0,0.0,0.0
P63165,0.0,0.0,0.0,0.0,0.0,0.0,0.0,0.0,0.0,0.0,0.0,0.075268817204301,0.0,0.0,0.0,0.0,0.0,0.0,0.0,0.0,0.0,0.0,0.0,0.0,0.0051871063356798,0.0,0.0,0.0,0.0,0.0,0.318181818181818,0.0,0.0,0.0,0.0
P63167,0.0,0.0,0.0,0.0,0.0,0.0,0.3519553072625694,0.0,0.0,0.0,0.0,0.0,0.0,0.0,0.0,0.0,0.0,0.0,0.0,0.0,0.0,0.0,0.0,0.1397670549084858,0.0,0.0,0.0,0.0,0.0,0.0,0.0,0.0438871473354232,0.0078740157480314,0.0,0.0
P68400,0.0,0.0,0.0,0.0,0.0,0.0,0.0,0.0,0.0,0.0,0.0,0.190735694822888,0.0,0.0,0.0,0.0,0.0,0.0,0.0,0.0,0.0,0.0,0.0,0.0,0.025983667409057,0.0,0.0,0.0,0.0,0.0,0.0,0.0,0.0,0.0,0.0
P78352,0.0,0.0,0.0,0.0,0.0,0.0,0.0,0.0,0.0,0.0,1.5377574370709384,0.0,0.0,0.0,0.0,0.0,0.1391650099403578,0.0,0.0,0.0,0.0,0.0,0.0,0.0,0.0,0.0,0.0,0.0,0.1891891891891892,0.0,0.0,0.0,0.0,0.0,0.0
P83876,0.0,0.0,0.0,0.0,0.0,0.0,0.0,0.0,0.0,0.0,0.0,0.0,0.0,0.0,0.0,0.0,0.0145530145530145,0.0,0.0,0.0,0.0,0.0,0.0,0.0,0.0051890289103039,0.0,0.0,0.0,0.0,0.0,0.1911987860394533,0.0,0.0,0.17156862745098,0.0
P83916,0.0,0.0,0.0,0.0,0.0,0.0,0.0,0.0,0.0,0.0,0.0,0.0,0.0,0.0,0.0,0.0,0.0,0.0,0.0,0.0,0.0,0.0,0.0,0.0,0.0077951002227171,0.0,0.0,0.0,0.0,0.0,0.0427480916030532,0.0,0.0,0.0,0.0
P84103,0.0,1.209876543209876,0.0,0.0,0.0,0.0,0.1164510166358595,0.0697674418604651,0.0,0.0,0.0,0.2266187050359711,0.0,0.0102639296187683,0.0,0.0,0.2929380993897122,0.0,0.0,0.105,0.0,0.0,0.0,0.0803571428571426,0.3787721123829342,0.2649842271293374,0.0,0.0,0.0,0.0,0.1078199052132701,0.0596833130328867,0.0522388059701492,0.0,0.1157024793388429
Q00610,0.0,0.0,0.0,0.0,0.303687635574837,0.0,0.0,0.0,0.0,0.0,0.0,0.0,0.0,0.0,0.0,0.0,0.1084710743801652,0.0,0.0,0.0,0.0,0.0,0.0,0.0,0.0,0.0,0.0,0.0,0.0,0.0,0.0,0.0,0.0,0.0,0.0
Q00688,0.0,0.0,0.0,0.0,0.0,0.0,0.0991501416430595,0.0,0.0,0.0,0.0,0.0,0.0,0.0,0.0,0.0,0.0,0.0,0.0,0.0,0.0,0.0,0.0,0.0,0.0519480519480514,0.0,0.0,0.0,0.0,0.0,0.0,0.0,0.0,0.0,0.0
Q00987,0.0,0.0,0.041224970553592,0.0,0.0,0.0,0.0,0.0,0.0,0.0,0.0,0.094850948509485,0.0,0.0,0.0,0.0,0.0291666666666666,0.0,0.0,0.0,0.0,0.0,0.0,0.0,0.0259643916913945,0.0,0.0,0.0,0.0,0.0,0.0,0.0,0.0,0.0,0.0
Q05397,1.020833333333333,0.0,0.0,0.0,0.0,0.0,0.0,0.0,0.0,0.0,0.0,0.0,0.0,0.0,0.0,0.0,0.0,0.0,0.0,0.0,0.0,0.0,0.0,0.0,0.0,0.0,0.0,0.0,0.0,0.0,0.0,0.0,0.0315315315315312,0.0,0.0
Q06187,0.0,0.0,0.0,0.0,0.0,0.0,0.0,0.0,0.0,0.0,0.0,0.0,0.0,0.0,0.0,0.0,0.0,0.0,0.0,0.0,0.0,0.0,0.0,0.0,0.0,0.0,0.0,0.0,0.0,0.0,0.053680981595092,0.0,0.0,0.0,0.0
Q06787,0.0,0.0,0.0,0.0,0.0,0.0,0.0,0.0,0.0,0.0,0.0,0.0,0.3684210526315788,0.0,0.0,0.0,0.0,0.0,0.0,2.8823529411764706,0.0,0.0,0.0,0.0,0.0,0.0,0.0,0.0,0.0,0.0,0.0,0.0,0.0,0.0,0.0
Q07157,0.0,0.0,0.0,0.0,0.0,0.0,0.0,0.0,0.0,0.0,0.0,0.0,0.0,0.0,0.0,0.0,0.043076923076923,0.0,0.0,0.0,0.0,0.0,0.0,0.105,0.0413820493648409,0.0,0.0,0.0,0.0,0.0,0.14810606060606052,0.0107858243451463,0.2023273273273268,0.0,0.0
Q07866,0.0,0.0,0.0,0.0,0.0,0.0,0.0,0.0,0.0,0.0,0.0,0.0,0.0,0.0,0.0,0.0,0.0366492146596855,0.0,0.0,0.0,0.0,0.0,0.0,0.0,0.0,0.0,0.0,0.0,0.0,0.0,0.0,0.0,0.0,0.0,0.0
Q07869,0.0,0.0,0.0,0.0,0.0,0.0,0.0,0.0,0.0,0.6447368421052629,0.0,0.0,0.0,0.0,0.0,0.0,0.0,0.0,0.0,0.0,0.0,0.0,0.0,0.0,0.0,0.0,0.0,0.0,0.0,0.0,0.0,0.0,0.0,0.0,0.0
Q07955,0.0,0.0,0.0,0.0,0.0,0.0,0.0,0.0,0.0,0.0,0.0,0.0,0.0,0.0,0.0,0.0,0.0,0.0,0.0,0.0,0.0,0.0,0.2765432098765432,0.0,0.0,0.0,0.0,0.0,0.0,0.0,0.0,0.0,0.0,0.0,0.0
Q08AE8,0.0,0.3547297297297295,0.0,0.0,0.0,0.0,0.0,0.0,0.0,0.0,0.0,0.0,0.0,0.0,0.0,0.0,0.0,0.0,0.0,0.0,0.0,0.0,0.0,0.0,0.0,0.0,0.0,0.0,0.0,0.0,0.0,0.0,0.0,0.0,0.0
Q12923,0.0,0.0,0.0,0.0,0.0,0.0,0.0,0.0,0.0,0.0,0.0,0.0,0.0,0.0,0.0,0.0,0.0,0.0,0.0,0.0,0.0,0.0,0.0,0.0,0.013006317354143,0.0,0.0,0.0,0.0,0.0,0.0,0.0,0.0,0.0,0.0
Q12929,0.0,0.0,0.0,0.0,0.0,0.0,0.0,0.0,0.0,1.6333333333333333,0.0,0.0,0.0,0.0,0.0,0.0,0.0,0.0,0.0,0.0,0.0,0.0,0.0,0.0,0.0,0.0,0.0,0.0,0.0,0.0,0.0,0.0,0.0,0.0,0.0
Q13148,0.0,0.0,0.0,0.0,0.0,0.0,0.0,0.0,0.0,0.0,0.0,0.0,0.0,0.0,0.0,0.0,0.0,0.0,0.0,0.0,0.2530120481927709,0.0,0.0,0.0,0.0,0.0,0.0,0.0,0.0,0.0,0.0,0.4334365325077396,0.0,0.0,0.0
Q13185,0.0,0.0,0.0,0.0,0.0,0.0,0.0,0.0,0.0,0.0,0.0,0.0,0.0,0.0,0.0,0.0,0.0,0.0,0.0,0.0,0.0,0.0,0.0,0.0,0.0259547645532072,0.0,0.0,0.0,0.0,0.0,0.0319148936170212,0.0,0.0,0.0,0.0
Q13257,0.0,0.0,0.0,0.0,0.0,2.8823529411764706,0.0,0.0,0.0,0.0,0.0,0.0,0.0,0.0,0.0,0.0,0.0,0.0,0.0,0.0,0.0,0.0,0.0,0.0,0.0,0.0,0.0,0.0,0.0,0.0,0.0,0.0,0.0,0.0,0.0
Q13285,0.0,0.0,0.0,0.0,0.0,0.0,0.0,0.0,0.0,0.0,0.0,0.0,0.0,0.0,0.0,0.0,0.0,0.0,0.0,0.0,0.0,0.0,0.0,0.0,0.0,0.0,0.0,0.0,0.0,0.0,0.0,0.0,0.079455164585698,0.0,0.0
Q13368,0.0,0.0,0.0,0.0,0.0,0.0,0.0,0.0,0.0,0.0,0.0,0.0,0.0,0.0,0.0,0.0,0.0,0.0,0.0,0.0,0.0,0.0,0.0,0.0,0.026002971768202,0.0,0.0,0.0,0.0,0.0,0.0,0.0,0.0,0.0,0.0
Q13526,0.0,0.0,0.0491803278688523,0.0,0.0,0.0,0.0,0.0,0.0,0.0,0.0,0.2245989304812833,0.0,0.0,0.0,0.0,0.0,0.0,0.0,0.0,0.0,0.0,0.0,0.3488372093023254,0.046649389115142,0.0,0.0,0.0,0.0,0.0,0.0,0.0,0.0,0.0,0.0
Q13617,0.0,0.0,0.0,0.0,0.0,0.0,0.0,0.0,0.0,0.0,0.0,0.0,0.0,0.0,0.0,0.0,0.0,0.0,0.0,0.0,0.0,0.0,0.0,0.0,0.0389899740066835,0.0,0.0,0.0,0.0,0.0,0.0,0.0,0.0,0.0,0.0
Q13882,0.0,0.0,0.0,0.0,0.0582120582120582,0.0,0.0,0.0,0.0,0.0,0.0,0.0,0.0,0.0,2.0,0.0,0.0,0.0,0.0,0.0,0.0,0.0,0.0,0.0,0.0,0.0,0.0,0.0,0.0,0.0,0.0,0.0,0.0,0.0,0.0
Q14005,0.0,0.0816326530612244,0.0156774916013437,0.0,0.0155210643015521,0.0,0.0,0.0,0.0,0.0,1.2873563218390804,0.0,0.0,0.0,0.0,0.0,0.0836653386454182,0.0,0.0,0.0,0.0,0.0,0.0,0.0327613104524181,0.0153284671532846,0.0,0.0,0.0,0.0,0.0,0.2102340168352731,0.0103244837758112,0.007534983853606,0.0,0.0
Q14145,0.0,0.0,0.0,0.0,0.0,0.0,0.0,0.0,0.0,0.0,0.0,0.0,0.0,0.0,0.0,0.0,0.0,0.0,0.0,0.0,0.7101449275362317,0.0,0.0,0.0,0.0,0.0,0.0,0.0,0.0,0.0,0.0,0.0,0.0,0.0,0.0
Q14155,0.2947368421052632,0.0,0.0155728587319243,0.0,0.0,0.0,0.0,1.1951219512195117,0.0,0.0,0.0,0.0334128878281623,0.0,0.0,0.0,0.0,0.0346534653465346,0.0,0.0,0.0,0.0,0.0,0.0,0.0,0.0407865986890021,0.0140845070422535,0.0,0.0853658536585365,0.0,0.0,0.0,0.0,0.2695187165775396,0.0,0.0
Q14160,0.0,0.0,0.0,0.0,0.0,0.0,0.0,0.0,0.0,0.0,0.0,0.0,0.0,0.0,0.0,0.0,0.0,0.0,0.0,0.0,0.0,0.0,0.1012048192771084,0.0,0.0,0.0,0.0,0.0,0.0,0.0,0.5052631578947364,0.0,0.0,0.0,0.0
Q14498,0.0,0.0,0.0,0.0,0.0,0.0,0.0,0.0,0.0,0.0,0.0,0.0,0.0,0.0282258064516129,0.0,0.0,0.0,0.0,0.0,0.0,0.0,0.0,0.3431372549019604,0.0,0.0,0.0,0.0,0.0,0.0,0.0,0.0,0.0,0.0,0.0,0.0
Q14511,0.0,0.0,0.0,0.0,0.457516339869281,0.0,0.0,0.0,0.0,0.0,0.0,0.0,0.0,0.0,0.0,0.0,0.0144927536231884,0.0,0.286885245901639,0.0,0.3636363636363636,0.0,0.0338983050847457,0.0,0.0,0.0,0.0,0.0,0.0,0.0,0.0105580693815987,0.0,0.0,0.0,0.0
Q14527,0.275590551181102,0.0,0.0075187969924812,0.0,0.0,0.0,0.0,0.0,0.0,0.880503144654088,0.0,0.0155210643015521,0.2413793103448276,0.0,0.0,0.0,0.2821497120921304,0.0,0.0,0.0,0.0,0.0,0.0,0.0103092783505154,0.0755939524838013,0.0396975425330812,0.0,0.0,0.0,0.0,0.0,0.0,0.057911065149948,0.0,0.0
Q14847,0.0,0.0,0.0081775700934579,0.0,0.3043478260869565,0.0,0.0193905817174515,0.0,0.0,0.0,0.0,0.0,0.0,0.0,0.0,0.0,0.0,0.0,0.0,0.0,0.0,0.0,0.0,0.0,0.0051794302626711,0.092511013215859,0.0,0.0,0.0,0.0,0.0,0.0,0.0,0.0,0.0
Q14995,0.0,0.0,0.0,0.0,0.075107296137339,0.0,0.0,0.0,0.0,0.0,0.0,0.0,0.1489361702127659,0.0,0.0,0.0,0.028776978417266,0.0,1.3023255813953485,0.0,0.0,0.0,0.0,0.0,0.0,0.0,0.0,0.0,0.0,0.0,0.0,0.0,0.0,0.0,0.0
Q15036,0.0,0.0,0.0,0.0,0.0,0.0,0.0,0.0,0.0,0.0,0.0,0.0,0.0,0.0,0.0,0.0,0.1822916666666665,0.0,0.0,0.0,0.0,0.0,0.0,0.0,0.0,0.0,0.0,0.0,0.0,0.0,0.0,0.0,0.0,0.0,0.0
Q15287,0.0,0.2005730659025788,0.0467185761957728,0.0,0.0,0.0,0.2079207920792078,0.0,0.0,0.0,0.0,0.0501193317422433,0.0,0.0,0.0,0.0,0.0138613861386138,0.0,0.0,0.0,0.0,0.0,0.0,0.0,0.1300072833211944,0.2112676056338027,0.0,0.0,0.0,0.0,0.3168316831683168,0.0204678362573098,0.0374331550802139,0.9999999999999996,0.0
Q15326,0.0,0.0,0.0155728587319242,0.0,0.0,0.0,0.0,0.0,0.0,0.0,0.0,0.1002386634844868,0.4999999999999998,0.0,0.0,0.0,0.0277227722772276,0.0,0.0,0.0,0.0,0.0,0.0459518599562361,0.0,0.1631463947560086,0.1690140845070422,0.0,0.0,0.0,0.0,0.0297029702970297,0.0307017543859649,0.0,0.0,0.0
Q15365,0.0,0.0,0.0,0.0,0.0,0.0,0.0,0.0,0.0,0.0,0.0,0.0,0.0,0.0,0.0,0.0,0.0,0.0,0.0,0.0,0.0,0.0,0.0,0.0,0.0,0.0311804008908685,0.0,0.0,0.0,0.0,0.053680981595092,0.0,0.1894024802705748,0.0,0.0
Q15366,0.0,0.0,0.0,0.0,0.0,0.0,0.0,0.0,0.0,0.525,0.0,0.0,0.0,0.0,0.0,0.0,0.0,0.0,0.0,0.0,0.0,0.0,0.0,0.0,0.0,0.0,0.0,0.0,0.0,0.0,0.0,0.0,0.126126126126126,0.0,0.0
Q15370,0.0,0.0,0.0,0.0,0.0,0.0,0.0,0.0,0.0,0.0,0.4487179487179485,0.0,0.0,0.0,0.0,0.0,0.0,0.0,0.0,0.0,0.0,0.0,0.0,0.0,0.0,0.0,0.0,0.0,0.0,0.0,0.0,0.0,0.0,0.0,0.0
Q15406,0.0,0.0,0.0,0.0,0.0,0.0,0.0,0.0,0.0,0.0,0.0,0.0,0.0,0.0,0.0,0.0,0.0073145245559038,0.0,0.0,0.0,0.0,0.0,0.0,0.0,0.0,0.0,0.0,0.0,0.0,0.0,0.0,0.0,0.0634920634920632,0.0,0.0
Q15560,0.0,0.0,0.0,0.0,0.0,0.0,0.0,0.0,0.0,0.0,0.0,0.0,0.0,0.0,0.0,0.0,0.0,0.0,0.0,0.0,0.0,0.0,0.0,0.0,0.0389899740066835,0.0,0.0,0.0,0.0,0.0,0.0,0.0,0.0,0.0,0.0
Q15700,0.0,0.119047619047619,0.0,0.0,0.0,0.0,0.0,0.0,0.0,0.0,0.0,0.0,0.0,0.0,0.0,0.0,0.0,0.0,0.0,0.0,0.0,0.0,0.0,0.0,0.0,0.0,0.0,0.0,0.0,0.0,0.0,0.0,0.0,0.0,0.0
Q15717,0.0,0.0,0.0,0.0,0.0,0.0,0.0,0.0,0.0479862896315336,0.0,0.0,0.0,0.0,0.0,0.0,0.0,0.0,0.0,0.0,0.0,0.0853658536585365,0.0,0.0,0.0,0.0,0.1222707423580784,0.0,0.0,0.0,0.0,0.0,0.6511627906976741,0.0,0.0,0.0
Q15811,2.364035087719298,0.068627450980392,0.0070993914807302,0.19843214110730029,0.1009704096375357,0.0,0.0,0.139442231075697,1.4624925928559576,0.0,0.0,0.0,0.0,0.0557768924302788,0.0,0.0,0.0067437379576107,0.0,0.0360824742268041,0.0,0.0,0.0,0.0916388720436627,0.0622222222222222,0.0358857729018996,0.49467262084364194,0.0,0.0,0.0,0.0,0.494584831158811,0.1467650466898072,1.2328767123287672,0.075,0.0
Q15843,0.0,0.0,0.0,0.0,0.0,0.0,0.0,0.0,0.0,0.0,0.0,0.0,0.0,0.0,0.0,0.0,0.0,0.0,0.0,0.0,0.0,0.0,0.0,0.2931323283082075,0.0,0.0156599552572706,0.0,0.0,0.0,0.0,0.0,0.0,0.0,0.0,0.0
Q16644,0.0,0.0,0.0,0.0,0.0,0.0,0.0,0.0,0.0,0.0,0.0,0.0,0.0,0.0,0.0,0.0,0.0,0.0,0.0,0.0,0.0,0.0,0.0,0.0,0.0389899740066835,0.0,0.0,0.0,0.0,0.0,0.0,0.0,0.0,0.0,0.0
Q53EZ4,0.0,0.0,0.2467685076380724,0.0,0.0,0.0,0.0,0.0,0.0,0.0,0.0,0.0,0.0,0.0,0.0,0.0,0.0,0.0,0.0,0.0,0.0,0.0,0.0,0.140233722871452,0.0155670867309114,0.0,0.0,0.0,0.0,0.0,0.0,0.0,0.0,0.0,0.0
Q53GL7,0.0,0.0821114369501466,0.0,0.0,0.0,0.0,0.0176767676767676,0.0,0.0,0.0,0.3879907621247112,0.0170316301703163,0.0,0.0,0.0,0.4444444444444444,0.0558882235528942,0.0,0.0,0.0,0.0,0.0,0.0,0.0,0.0511322132943754,0.0,0.0,0.0,0.0,0.0,0.0,0.0828402366863905,0.0075512405609492,0.0,0.0
Q5T0N5,0.0,0.0746666666666666,0.0,0.0,0.0,0.0,0.0,1.5473684210526315,0.0,0.7320261437908496,0.0,0.0314606741573033,0.0,0.0,0.0,0.0,0.0067567567567567,0.0,0.0,0.0,0.0,0.0503597122302158,0.0,0.0936106983655274,0.0631313131313131,0.0,0.0,0.0648148148148148,0.0,0.0,0.0859481582537517,0.0098591549295774,0.2622268470343392,0.0,0.0
Q5T2T1,0.0,0.0,0.0,0.0,0.0,0.0,0.0,0.0,0.0,0.0,0.0,0.0,0.0,0.0,0.0,0.0,0.0366492146596855,0.0,0.0,0.0,0.0,0.0,0.0,0.0,0.0,0.0,0.0,0.0,0.0,0.0,0.0,0.0,0.0,0.0,0.0
Q5TCQ9,0.0,0.0,0.0,0.0,0.0,0.0,0.0,0.0,0.0,0.0,0.0,0.0,0.0,0.6693227091633461,0.0,0.0,0.0,0.0,0.0,0.0,0.0,0.0,0.0,0.0,0.0,0.0,0.0,0.0,0.0,0.0,0.1605504587155959,0.0,0.0,0.0,0.0
Q68DX3,0.0,0.0,0.0,0.0,0.0,0.0,0.0,0.0,0.0,0.0,0.0,0.0,0.0,0.0,0.0,0.0,0.0,0.0,0.0,0.0,0.0,0.0,0.0,0.0,0.0,0.0,0.0,0.0,0.0,0.0,0.1605504587155959,0.0,0.0,0.0,0.0
Q6P9H4,0.0,0.0,0.0,0.0,0.0,0.0,0.0,0.0,0.0,0.0,0.0,0.0,0.0,0.5633802816901405,0.0,0.0,0.0,0.0,0.0,0.0,0.0,0.0,0.0,0.0,0.0,0.0,0.0,0.0,0.0,0.0,0.0,0.0,0.0,0.0,0.0
Q6PKX4,0.0,0.0,0.0,0.0,0.0,0.0,0.0,0.0,0.0,0.0,0.0,0.0,0.0,0.0,0.0,0.0,0.0,0.0,0.4590163934426228,0.0,0.4545454545454545,0.0,0.0,0.0,0.0,0.0,0.0,0.0,0.0,0.0,0.0,0.0,0.0,0.0,0.0
Q6XZF7,0.0,0.0,0.0,0.0,0.0,0.0,0.0,0.0,0.0,0.0,0.0,0.0341463414634146,0.0,0.3656716417910448,0.0,0.0,0.0209790209790209,0.0,0.0,0.0,0.0,0.0,0.0,0.0,0.0639386189258312,0.0,0.0,0.0,0.0,0.0,0.0401146131805157,0.0,0.0151187904967602,0.0,0.0
Q6ZUM4,0.0,0.0,0.0,0.0,0.0,0.0,0.0,0.0,0.0,0.0,0.0,0.181347150259067,0.0,0.0,0.0,0.0,0.0716479017400204,0.0,0.0,0.0,0.0,0.0,0.0,0.0,0.1806118687799479,0.0,0.0,0.0,0.0,0.0,0.0,0.0,0.0155210643015521,0.0,0.0
Q6ZVM7,0.0,0.0,0.0,0.0,0.0,0.0,0.0,0.0,0.0,0.0,0.0,0.153005464480874,0.0,0.0,0.0,0.0,0.0073145245559038,0.0,0.0,0.0,0.0,0.0,0.0,0.0,0.0,0.0,0.0,0.0,0.0,0.0,0.0,0.0,0.0,0.0,0.0
Q6ZWJ1,0.0,0.0,0.2943925233644855,0.0,0.0,0.0,0.0,0.0,0.0,0.0,0.0,0.0,0.0,0.0,0.0,0.0,0.0,0.0,0.0,0.0,0.0,0.0,0.0,0.4172185430463576,0.0,0.0308370044052862,0.0,0.0,0.0,0.0,0.0,0.0,0.0,0.0,0.0
Q7Z698,0.0,0.0,0.0,0.0,0.0,0.0,0.0,0.0,0.0,0.0,0.0,0.0,0.0,0.0,0.0,0.0,0.0072765072765072,0.0,0.0,0.0,0.0,0.0,0.0,0.0,0.0077835433654558,0.077951002227171,0.0,0.0,0.0,0.0,0.0,0.1981132075471698,0.0,0.0,0.0
Q7Z699,0.0,0.0,0.0,0.0,0.0,0.0909090909090909,1.2696897374701668,0.0,0.0,0.0,0.0,0.0,0.0,0.8999999999999999,0.0,0.0,0.0204878048780487,0.0,0.0,0.0,0.0,0.0,0.0,0.0,0.0811300253531328,0.02734375,0.0,0.2886597938144328,0.0,0.0,0.0484764542936288,0.0,0.0,0.0,0.0
Q7Z6J0,0.0,0.0,0.0,0.0,0.4715789473684208,0.0,0.0186170212765957,0.3088235294117646,0.0,0.0,0.0,0.0,0.0,0.0,0.0,0.0,0.0213849287169042,0.0,0.0,0.0,0.0,0.0823529411764705,0.0,0.0,0.0103016924208977,0.0149253731343283,0.0,0.0,0.0,0.0,0.0206185567010309,0.010670731707317,0.0,0.03125,0.0
Q86UL8,0.0,0.0460526315789472,0.0,0.0,0.0611353711790392,0.0,0.0,0.0,0.0,0.0,0.0,0.0,0.0,0.0,0.0,0.0,0.0,0.0,0.0,0.0,0.0,0.0,0.0,0.1046511627906975,0.0,0.0,0.0,0.0,0.0,0.0,0.0634441087613292,0.0,0.0157303370786516,0.0,0.0
Q86V81,0.0,0.03954802259887,0.0077433628318584,0.0,0.0,0.0,0.0342298288508557,0.0,0.0,0.0,0.0,0.0165094339622641,0.0,1.3745454545454543,0.0,0.0,0.0,0.0,0.0,0.0,0.0,0.0,0.0,0.0,0.0203562340966921,0.0278884462151394,0.0,0.0,0.0,0.0,0.0098314606741573,0.1625544267053701,0.0074468085106382,0.0,0.0
Q86YM7,0.0,0.0,0.0,0.0,0.0,0.0,0.0,0.0,0.0,0.628205128205128,0.0,0.0,0.0,0.0,0.0,0.0,0.0,0.0,0.0,0.0,0.0,0.0,0.0,0.0,0.0,0.0,0.0,0.0,0.0,0.0,0.0,0.0,0.0316027088036116,0.0,0.0
Q8IUH5,0.0,0.0731070496083551,0.0,0.0,0.0,0.0,0.0159817351598173,1.4848484848484849,0.0,0.0,0.0,0.0154525386313465,0.0,0.0,0.0,0.0,0.053639846743295,0.0,0.0,0.0,0.0,0.0,0.0,0.0,0.0528776978417266,0.0,0.0,0.0,0.0,0.1875,0.0661268556005398,0.0487465181058495,1.040247678018576,0.0734265734265734,0.0
Q8IV63,0.0,0.0,0.0,0.5526315789473683,0.0,0.0,0.0,0.0,0.0,0.0,0.0,0.0,0.0,0.0,0.0,0.0,0.0,0.0,0.0,0.0,0.0,0.0,0.0346534653465346,0.0,0.0,0.0,0.0,0.0,0.0,0.0,0.010703363914373,0.0,0.0,0.0,0.0
Q8IVF2,0.0,0.0,0.0,0.0,0.0,0.0,0.0,0.0,0.0,0.0,0.0,0.0,0.0,0.8155339805825238,0.0,0.0,0.0357142857142857,0.0,0.0,0.0,0.0,0.0,0.0,0.0,0.0,0.0,0.0,0.0,0.0,0.0,0.0,0.0,0.0,0.0,0.0
Q8IVI9,0.0,0.0,0.0,0.0,0.0,0.0,0.0,1.75,0.0,0.0,0.0,0.0,0.0,0.0,0.0,0.0,0.0,0.0,0.0,0.0,0.0,0.0,0.0,0.0,0.0308596620132255,0.0443974630021141,0.0,0.1206896551724138,0.0,0.0,0.0,0.0106060606060606,0.1383095499451151,0.0307017543859649,0.0
Q8IX03,0.0,0.0,0.7868271729331278,0.0,0.0,0.0,0.668435013262599,0.0,0.0,0.0,0.0,0.0363636363636363,0.0,0.0,0.0,0.0,0.0,0.0,0.0,0.0,0.0,0.0,0.0,0.486386360048413,0.0103244837758112,0.029787234042553,0.0,0.0,0.9545454545454544,0.0,0.0,0.0,0.0,0.0,0.0
Q8IX04,0.0,0.0,0.0,0.0,0.0,0.0,0.0,0.0,0.0,0.0,0.0,0.0,0.0,0.0,0.0,0.0,0.0,0.0,0.0,0.0,0.0,0.0,0.0,0.0,0.026002971768202,0.0,0.0,0.0,0.0,0.0,0.0,0.0,0.0,0.0,0.0
Q8IYB3,0.0,0.0,0.0,0.0,0.0,0.0,0.0,0.0,0.0446428571428571,0.0,0.0,0.0,0.0,0.0,0.0,0.0,0.0,0.0,0.0,0.0,0.0,0.0,0.8990825688073388,0.0,0.0,0.0147058823529411,0.0,0.0,0.0,0.0,0.0,0.0,0.0,0.0,0.0
Q8IZW8,0.0,0.0,0.0,0.0,0.061810154525386,0.0,0.0,0.0,0.0,0.0,0.0,0.0,0.0,0.0,0.0,0.0,0.0218749999999998,0.0,0.0,0.0,0.0,0.0,0.0,0.0,0.0,0.0,0.0,0.0,0.0,0.0,0.0,0.0,0.0,0.0,0.0
Q8N8S7,0.0,0.0,0.0403225806451612,0.0,0.0,0.0,0.0,0.0,0.0,0.0,0.0,0.0,0.0,0.0,0.0,0.0,0.0,0.0,0.0,0.0,0.0,0.0,0.0,0.0454545454545454,0.0206261510128913,0.0,1.4,0.0,0.0,0.0,0.0,0.0,0.0,0.0,0.0
Q8NG31,0.0,0.2167182662538698,0.0080183276059564,0.0,0.0,0.0,0.0,0.0507246376811594,0.0,0.0,0.0,0.0,0.0,0.0,0.0,0.0,0.0284552845528454,0.0,0.0,0.0,1.3263157894736843,0.0,0.0,0.0,0.0308823529411764,0.0,0.0,0.0,0.0,0.0,0.0,0.0106382978723404,0.0308030803080308,0.0,0.0
Q8NHP6,0.0,0.0,0.0,0.0,0.0,0.0,0.0,0.0,0.0,0.0,0.0,0.0,0.0,0.0,0.0,0.0,0.0,3.5,0.0,0.0,0.0,0.0,0.0,0.0,0.0,0.0,0.0,0.0,0.0,0.0,0.2014388489208632,0.0,0.0,0.0583333333333332,0.0
Q8NI35,0.0,0.2295081967213115,0.0,0.0,0.0925110132158588,0.0,0.0,0.0,0.0,0.0,0.0,0.0,2.8000000000000003,0.0139720558882235,0.0,0.0,0.0,0.0,0.0,0.0,0.0,0.0,0.0,0.2098287825088599,0.0311169001827012,0.0,0.0,0.0,0.0,0.0,0.1922246668603922,0.0,0.0078563411896745,0.0,0.0
Q8TEJ3,0.0,0.0,0.0,0.0,0.9285714285714284,0.0,0.0179028132992327,0.1854304635761588,0.0,0.0,0.0,0.0,0.0,0.0,0.0,0.0,0.1053159478435305,0.0,0.0,0.0,0.1296296296296296,0.07,0.0,0.0,0.0256128796194657,0.0289256198347107,0.0,0.0,0.0,0.0,0.0201729106628242,0.0,0.0,0.0,0.0
Q8TEW0,0.0,0.0,0.0,0.0,0.0,0.0,0.0,0.0,0.0,0.0,0.0,0.037940379403794,0.0,0.0,0.0,0.0,0.0,0.0,0.0,0.0,0.0,0.7777777777777779,0.0,0.0,0.0,0.0,0.0,0.0,0.0,0.0,0.0,0.0,0.007909604519774,0.0,0.0
Q8TEW6,0.0,0.0,0.0,0.0,0.0,0.0,0.0,0.0,0.0,0.0,0.0,0.0,0.0,0.0,0.0,0.0,0.0,0.0,0.0,0.0,0.1014492753623188,0.0,0.0,0.0,0.0,0.0,0.0,0.0,0.0,1.6153846153846154,0.0,0.0,0.0,0.0,0.0
Q8TEW8,0.0,0.0,0.0077177508269018,0.0,0.0547945205479452,0.0,0.0509708737864077,0.0,0.0646787064258714,0.0,0.0,0.0163934426229508,0.0,0.0,0.0,0.0,0.0275049115913556,0.1842105263157894,0.0,0.0,0.0,0.0,0.0150537634408602,0.0,0.0305010893246187,0.0,0.0,0.0,0.0,0.0,1.3706293706293706,0.1213872832369941,0.0,0.269230769230769,0.0
Q8TEX9,0.0,0.0,0.0,0.0,0.0,0.0,0.0,0.0,0.0,0.0,0.0,0.0,0.0,0.0,0.0,0.0,0.0366492146596855,0.0,0.0,0.0,0.0,0.0,0.0,0.0,0.0,0.0,0.0,0.0,0.0,0.0,0.0,0.0,0.0,0.0,0.0
Q8TF72,0.0,0.0,0.0,0.0,0.0,0.0,0.0,0.0,0.0,0.0,0.0,0.0,0.0,0.6679920477137171,0.0,0.0,0.0,0.0,0.0,0.0,0.0,0.0,0.0,0.0,0.0,0.0,0.0,0.0,0.0,0.0,0.0,0.0,0.0,0.0,0.0
Q8WU20,0.0,0.0,0.0,0.0,0.0,0.0,0.0,0.0,0.0,0.0,0.0,0.0,0.0,0.0,0.0,0.0,0.0,0.0,0.0,0.0,0.0,0.0,0.0687960687960688,0.0,0.0129821958456973,0.0,0.0,0.0,0.0,0.0,0.0,0.0,0.0,0.0,0.0
Q8WUM4,0.0,0.0,0.0,0.0,0.0428571428571428,0.0,0.0,0.0,0.0,0.0,0.0,0.0,0.0,0.0,1.6896551724137931,0.0,0.070210631895687,0.0,0.0457516339869281,0.0,0.0,0.0,0.0,0.0,0.0,0.0,0.0,0.0,0.0,0.0,0.0,0.0,0.0,0.0,0.0
Q8WV41,0.0,0.0,0.0,0.0,0.0,0.0,0.6579634464751956,0.0,0.0,0.0,0.0,0.0703517587939696,0.0,0.0,0.0,0.0,0.0141557128412537,0.0,0.0,0.0,0.42,0.0,0.0,0.0,0.0411009174311924,0.0294117647058823,0.0,0.0,0.0,0.0,0.0306122448979591,0.0105580693815987,0.0229759299781181,0.0303030303030303,0.0
Q92499,0.0,0.0,0.0,0.0,0.0,0.0,0.0,0.0,0.0,0.0,0.0,0.0,0.0,0.0,0.0,0.0,0.0,0.0,0.0,0.0,0.0,0.0,0.0,0.0,0.0,0.0,0.0,0.0,0.0,0.0,0.0213740458015266,0.110759493670886,0.0,0.0,0.0
Q92783,0.0,0.0,0.0,0.0,0.0,0.0,0.0,0.0,0.0,0.0,0.0,0.0,0.0,0.0,0.0,0.0,0.0,0.0,0.0,0.0,2.0136986301369864,0.0,0.0,0.0,0.0,0.0,0.0,0.0,0.0,0.0,0.0,0.0,0.0,0.0,0.0
Q92793,0.0,0.0,0.0082742316784869,0.0,0.0,0.0,0.0,0.0,0.0,0.0,0.0,0.0,0.0,0.0,0.0,0.0,0.0,0.0,0.0,0.0,0.0,0.0,0.0,0.0,0.0,0.0788288288288285,0.0,0.0,0.0,0.0,0.0,0.044374009508716,0.1979638009049769,0.0,0.0
Q92796,0.0,0.0,0.0,0.0,0.0,0.0,0.0,0.0,0.0,0.0,0.0,0.0,0.0,0.6746987951807226,0.0,0.0,0.0,0.0,0.0,0.0,0.0,0.0,0.0,0.0,0.0,0.0,0.0,0.0,0.0,0.0,0.0,0.0,0.0,0.0,0.0
Q92870,0.0,0.0,0.0,0.0,0.078125,0.0,0.0,0.0,0.0,0.0,0.0,0.0,0.0,0.0,0.0,0.0,0.0,0.0,0.0,0.0,0.0,0.0,0.0,0.0,0.0,0.0,0.0,0.0,0.0,0.0,0.0,0.0,0.0,0.0,0.0
Q93009,0.0,0.1035940803382662,0.196524064171123,0.0385674931129476,0.1845454545454545,0.0,0.1818181818181818,0.0091984231274638,0.9474747474747474,0.0,0.3169556840077072,0.0964566929133858,0.0,0.0,0.0,0.0,0.2047293092719352,0.0421052631578946,0.036697247706422,0.0,0.0,0.0,0.079696394686907,0.1237942122186494,0.3559676936883038,1.9515539305301648,0.0106382978723404,0.0412371134020618,0.0103703703703703,0.0,2.308282208588957,0.3114754098360654,0.0137075718015665,1.4346289752650172,0.0
Q96BD6,0.0,0.0,0.0,0.0,0.0,0.0,0.0,0.0,0.0,0.0,0.0,0.0,0.0,0.0,0.0,0.0,0.0,0.0,0.0,0.0,0.0,0.0,0.258620689655172,0.011744966442953,0.0025974025974025,0.0,0.0,0.0,0.0,0.0,0.0,0.0,0.0,0.0,0.0
Q96BP3,0.0,0.3103448275862067,0.2562761506276146,0.0,0.0,0.0,0.1062906724511926,0.0,0.0,0.0,0.0,0.926470588235294,0.0,0.0,0.0,0.0,0.0393626991565135,0.0,0.0,0.0,0.0,0.0823529411764704,0.0,0.4176136363636362,0.6468069925080268,0.0,0.0,0.0,0.0,0.0,0.1465968586387434,0.0283400809716599,0.0705645161290322,0.0453074433656956,0.0
Q96CW1,0.0,0.0,0.0,1.176470588235294,0.0,0.0,0.3908629441624364,0.0,0.0,0.0,0.0,0.0,0.0,0.0,0.0,0.0,0.0,0.0,0.0,0.0,0.0,3.805825242718446,0.0,0.1538461538461538,0.0,0.0718685831622176,0.0,0.0,0.1029411764705882,0.0,0.0100430416068866,0.0415430267062314,0.0,0.0578512396694214,0.0
Q96D71,0.0,0.0,0.0,0.0,0.0,0.0,0.0,0.3620689655172414,0.0,0.0,0.0,0.0,0.0,0.0,0.0,0.0,0.0,0.0,0.0,0.0,0.0,0.0,0.0,0.0,0.0,0.0,0.0,0.0,0.0,3.266666666666667,0.0,0.0,0.0236753100338217,0.0,0.0
Q96I25,0.0,0.0,0.0,0.0,0.0,0.0,0.0,0.0,0.0,0.0,0.0,0.1689008042895441,0.0,0.0,0.0,0.0,0.0072614107883817,0.0,0.0,0.0,0.0,0.0,0.0,0.0,0.0155555555555553,0.0,0.0,0.0,0.0,0.0,0.0,0.0,0.0078740157480314,0.611650485436893,0.0
Q96J02,0.0,0.8072918641978233,6.17954984272109,0.0,0.0,0.0,2.596001043818385,0.0601294926976418,0.0,0.0,0.0,3.6154180285148487,0.0,0.0,0.0,0.0,0.0,0.0,0.0,0.0,0.0,0.5940099116569703,0.0,3.4969516990027754,2.645496406738435,0.2738786519821224,0.0,1.9395919726025839,0.0,0.0,0.0,0.0821382007822685,0.5573195439811456,0.4684389658119518,0.0
Q96L92,0.0,0.0,0.0,0.0,0.0,0.0,0.0,0.0,0.0,0.0,0.0,0.0,0.0,0.0,0.0,0.0,0.1154639175257732,0.0,0.0,0.0,0.0,0.5753424657534246,0.0,0.0,0.0103473762010347,0.0,3.230769230769231,0.0,0.0,0.0,0.0,0.0326086956521739,0.0,0.0,0.0
Q96LT9,0.0,0.0,0.0,0.0,0.0,0.0,0.0,0.0,0.0,0.0,0.0,0.0,0.0,0.0,0.0,0.0,0.007063572149344,0.0,0.0,0.0,0.0,0.0,0.0,0.0111464968152866,0.0205353868720205,0.0,0.0,0.0,0.0,0.0,0.2136627906976743,0.6315789473684208,0.0152838427947598,0.0,0.0
Q96PU5,0.0,0.217462854679115,3.7426658019945127,0.0,0.0,0.0,2.2405089962752336,0.0,0.0,0.0,0.0,2.242406943167187,0.0,0.0,0.0,0.0,0.0,0.0,0.0,0.0,0.0,0.3027387473207904,0.0,3.391329371600068,1.9740401968307537,0.2905252248187374,0.0,0.0,0.0,0.0,0.0279018965346042,0.2917381714714457,0.3471558211455792,0.2385539402657598,0.0
Q96PY6,0.0,0.0,0.0,0.0,0.0,0.0,0.0,0.0,0.0,0.0,0.0,0.0,0.0,0.0,0.0,0.0,0.0,0.0,0.0,0.0,0.0,0.0,0.0,0.0,0.0,0.0,0.0,0.0,0.0,0.0,0.0,0.0,0.0,0.4242424242424242,0.0
Q96QZ7,0.0,0.44150326797385586,2.00624270578274,0.0,0.0,0.0,1.0295947807553343,0.0,0.0,0.0,0.0,1.9421922067826252,0.0419161676646706,0.4341085271317828,0.0,0.0,0.0,0.0,0.0,0.0,0.0,0.0714285714285714,0.1962616822429906,1.7174303259329238,1.0832138273221164,0.0528264556246464,0.0,0.0,0.0,0.0,0.0177215189873417,0.0,0.21110415461405202,0.0835820895522388,0.0
Q96RN5,0.0,0.0,0.0,0.0,0.0,0.0,0.0,0.0,0.0,0.0,0.0,0.286885245901639,0.0,0.0,0.0,0.0,0.0,0.0,0.0,0.0,0.0,0.0,0.0,0.0,0.0,0.0,0.0,0.0,0.0,0.0,0.0,0.0,0.0,0.0,0.0
Q96RT1,0.0,0.0,0.0,0.0,0.0,0.0,0.0,0.0,0.0,0.0,0.0,0.0,0.0,0.6640316205533592,0.0,0.0,0.0,0.0,0.0,0.0,0.0,0.0,0.0,0.0,0.0,0.0,0.0,0.0,0.0,0.0,0.0,0.0,0.0,0.0,0.0
Q96RU3,0.0,0.1717791411042944,0.0,0.0,0.0,0.0,0.0,0.0,0.0,0.0,0.0,0.0,0.0,0.0,0.0,0.0,0.0070921985815602,0.0,0.0,0.0,0.0,0.0,0.0,0.2019230769230765,0.2313624678663234,0.0,0.0,0.7118644067796606,0.0,0.0,0.0204678362573099,0.010590015128593,0.0307017543859649,0.0,0.0
Q96ST3,0.0,0.0,0.0,0.0614035087719298,0.2295081967213114,0.0,0.0,0.0,0.103901611535199,0.0,0.0,0.0173267326732673,0.0,0.0,0.0,0.0,0.0140703517587939,0.0,0.0,0.0,0.0,0.0,0.0158371040723981,0.0,0.0205053094104723,0.8713692946058088,0.0,0.0,0.0,0.0,0.0,0.052316890881913,0.0,0.0,0.0
Q96T58,0.0,0.0,0.0,0.0,0.0,0.0,0.0,0.0,0.0,0.0,0.0654205607476635,0.0172413793103448,0.0,0.0,0.0,0.0,0.0280842527582748,0.0,0.0457516339869281,0.0,0.0,0.0,0.0157657657657657,0.0,0.0256128796194657,0.506198347107438,0.0,0.0,0.0,0.0,0.0,1.0953800298062597,0.0,0.0,0.0
Q99704,0.0,0.0,0.0,0.0,0.0,0.0,0.0,0.0,1.1543962978544382,0.0,0.0,0.0,0.0,0.0,0.0,0.0,0.0,0.0,0.0,0.0,0.0,0.0,0.0,0.0,0.0,0.0,0.0,0.0,0.0,0.0,0.0,0.0,0.0,0.0,0.0
Q99816,0.0,0.0,0.1132457027300302,0.0,0.0,0.0,0.340080971659919,2.811023622047244,0.0,0.0,0.0,0.0550098231827112,0.0,0.0,0.0,0.0,0.0381818181818181,0.0,0.0,0.0,0.0,0.2413793103448276,0.0,0.0379918588873812,0.0987306064880112,0.0,0.0,0.0,0.0,0.1249999999999998,0.0439146800501882,0.0,2.8204878048780486,0.0204678362573099,0.0
Q9BTA9,0.0,0.6461538461538461,0.0,0.0,0.0,0.0,0.0,0.0,0.0,0.0,0.0,0.0,0.0,0.1209213051823416,0.0,0.0,0.0141987829614604,0.0,0.0,0.0,0.0,0.2359550561797752,0.0,0.2022471910112357,0.0154298310066126,0.0,0.0,0.0,0.0,0.0,0.0,0.0212121212121212,0.0076838638858397,0.0614035087719298,0.0
Q9BXW4,0.0,0.0377358490566037,0.0608034744842562,0.0,0.0266666666666666,0.0,0.1150234741784037,0.0,0.0,0.0,0.0,0.0,0.0,0.0,0.0,0.075268817204301,1.9467054263565893,0.0,0.4468085106382977,0.0,0.0,0.0,0.0,0.0,0.0151734104046242,0.0,0.0,0.0,0.0,0.0,0.0,0.0198300283286119,0.0,0.0255474452554744,0.2204724409448816
Q9BYB0,0.0,0.0,0.0,0.0,0.0,0.0,0.0,0.0,0.0,0.0,2.6068965517241383,0.0,0.0,0.0,0.0,0.0,0.0278884462151394,0.0,0.0,0.0,0.0,0.0,0.0,0.0,0.0,0.0,0.0,0.0,0.0,0.0,0.0,0.0,0.0,0.0,0.0
Q9BYG4,0.0,0.0,0.0,0.0,0.0,0.0,0.0,0.0,0.0,0.0,1.5961995249406176,0.0,0.0,0.0,0.0,0.0,0.0424242424242424,0.0,0.0,0.0,0.0,0.0,0.0,0.0,0.0,0.0,0.0,0.0,0.0,0.0,0.0,0.0,0.0,0.0,0.0
Q9BYW2,0.0,0.0,0.0,0.0,0.0,0.0,0.0,0.0,0.0,0.0,0.0,0.1085271317829456,0.0,0.0,0.0,0.0,0.0858895705521472,0.0,0.0,0.0,0.0,0.0,0.0,0.0,0.0464259395725864,0.0,0.0,0.0,0.0,0.0,0.0414814814814812,0.0,0.0155038759689922,0.3818181818181816,0.0
Q9BZB8,0.0,0.0,0.0806451612903224,0.0,0.0,0.0,0.0750670241286862,0.0,0.0,0.0,0.0,0.036082474226804,0.0,0.0,0.0,0.0,0.0071501532175689,0.0,0.0,0.0,0.0,0.0,0.0,0.0,0.0206261510128912,0.0,0.0,0.0,0.0,0.0,0.0,0.5359877488514545,0.0154867256637168,0.0,0.0
Q9GZQ8,0.0,0.0346534653465346,0.0146750524109014,0.0,0.025089605734767,0.0,0.0610021786492374,0.0,0.0,0.0,0.0282258064516129,0.0,0.0,0.0,0.2222222222222222,0.0555555555555555,2.162441314553991,0.0,0.3800904977375564,0.0,0.0,0.0,0.0,0.0,0.0374866119243127,0.0,0.0,0.0,0.0,0.0,0.0091863517060367,0.0663058186738836,0.0,0.0456026058631921,1.05
Q9GZV5,0.0,0.0,1.2741061755146263,0.0,0.0,0.0,0.8014018691588782,0.0,0.0,0.0,0.0,0.6636568848758465,0.0,0.0,0.0,0.0,0.0,0.0,0.0,0.0,0.0,0.1021897810218978,0.0,0.8032786885245897,0.3714801444043319,0.0537428023032628,0.0,0.0,0.0,0.0,0.0,0.0,0.0875912408759124,0.0,0.0
Q9H0M0,0.0,0.0,0.913794558110103,0.0,0.0,0.0,1.2267525390141194,0.0,0.0,0.0,0.0,0.0,0.0,0.0,0.0,0.0,0.0,0.0,0.0,0.0,0.0,0.2234042553191487,0.0,0.8143886394486786,0.0,0.059723485537565804,0.0,0.0,0.0,0.0,0.0101744186046511,0.0947368421052631,0.0,0.0600858369098712,0.0
Q9H0R8,0.0,0.0,0.0529157667386609,0.0,0.0396226415094339,0.0,0.0812064965197215,0.0,0.0554166666666666,0.0,0.0,0.0,0.0,0.0,0.0,0.0,1.377049180327869,0.0,0.5803108808290156,0.0,0.0472972972972973,0.0,0.0144628099173553,0.0,0.0176703930760908,0.0,0.0,0.0,0.0,0.0,0.0572207084468664,0.0196905766526018,0.0,0.0,0.0
Q9H190,0.0,0.0903225806451612,0.0,0.0,0.0,0.0,0.0,0.0,0.0,0.0,0.0,0.0,0.0,0.553359683794466,0.0,0.0,0.0,0.0,0.0,0.0,0.0,0.0,0.0,0.0345394736842105,0.0,0.0,0.0,0.0,0.0,0.0,0.0314371257485029,0.0,0.0,0.0,0.0
Q9H1Y0,0.0,0.0,0.0,0.0,0.0,0.0,0.0,0.0,0.0,0.0,0.0,0.0,0.0,0.0,0.0,0.0,0.0,0.0,0.0,0.0,0.0,0.0,0.085574572127139,0.0,0.0155670867309117,0.0,0.0,0.0,0.0,0.0,0.0,0.0,0.0,0.0,0.0
Q9H3P7,0.0,0.0,0.0,0.0,0.0,0.0,0.0,0.0,0.0,0.0,0.0,0.0,0.0,0.0,0.0,0.0,0.0366492146596855,0.0,0.0,0.0,0.0,0.0,0.0,0.0,0.0,0.0,0.0,0.0,0.0,0.0,0.0,0.0,0.0,0.0,0.0
Q9H492,0.0,0.0323325635103926,0.0427263479145473,0.0,0.0477001703577512,0.0,0.0573770491803278,0.0,0.0,0.0,0.08,0.0,0.0,0.0,0.1806451612903226,0.0451612903225806,2.4186471663619744,0.0,0.42,0.0,0.0,0.0,0.0,0.0,0.0643109540636042,0.0,0.0,0.0,0.0,0.0,0.0088495575221238,0.1002604166666666,0.0,0.0416666666666666,0.8888888888888888
Q9H4B6,0.0,0.0,0.159090909090909,0.0,0.0,0.0,0.0,0.0,0.0,0.0,0.0,0.35,0.0,0.0,0.0,0.0,0.007063572149344,0.0,0.0,0.0,0.0,0.0,0.0,0.3901273885350315,0.1668500183351665,0.0292887029288702,0.0,0.0,0.2372881355932202,0.0,0.0,0.0105263157894736,0.0229257641921397,0.0,0.0
Q9H5P4,0.0,0.0,0.0,0.0,0.0,0.0,0.0,0.0,0.0,0.0,0.0,0.0,0.0,0.6640316205533592,0.0,0.0,0.0,0.0,0.0,0.0,0.0,0.0,0.0,0.0,0.0,0.0,0.0,0.0,0.0,0.0,0.0,0.0,0.0,0.0,0.0
Q9H6T3,0.0,0.0,0.0,0.0,0.0,0.0,0.0,0.0,0.0,0.0,0.0,0.0,0.0,0.0,0.0,0.0,0.0,0.0,0.0,0.0,0.0,0.0,0.0,0.0,0.026002971768202,0.0,0.0,0.0,0.0,0.0,0.0,0.0,0.0,0.0,0.0
Q9H7B4,0.0,0.0,0.0,0.0,0.0,0.0,0.0,0.0,0.0,0.0,0.0,0.0,0.0,0.0,0.0,0.0,0.0366492146596855,0.0,0.0,0.0,0.0,0.0,0.0,0.0,0.0,0.0,0.0,0.0,0.0,0.0,0.0,0.0,0.0,0.0,0.0
Q9H8S9,0.0,0.0,0.0,0.0,0.0,0.0,0.0,0.0,0.0,0.0,0.0,0.0,0.0,0.0,0.0,0.0,0.0,0.0,0.0,0.0,0.0,0.0,1.0169491525423728,0.0,0.0,0.0,0.0,0.0,0.0,0.0,0.0,0.0,0.0,0.0,0.0
Q9H987,0.0,0.0,0.0,0.0,0.0,0.0,0.0,0.0,0.0,0.0,0.0,0.0,0.0,0.0,0.0,0.0,0.0,0.0,0.0,0.0,0.0,0.0,0.0,0.0,0.026002971768202,0.0,0.0,0.0,0.0,0.0,0.0,0.0,0.0,0.0,0.0
Q9H9E1,0.0,0.0,0.0,0.0,0.0608695652173912,0.0,0.0,0.0,0.0,0.0,0.0,0.0,0.0,0.0,0.0,0.0,0.0,0.0,0.0,0.0,0.0,0.0,0.0,0.0,0.0,0.0,0.0,0.0,0.0,0.0,0.0210843373493974,0.2184087363494539,0.0,0.0,0.0
Q9HAU4,0.0,0.0,0.2940490081680276,0.0,0.0,0.0,0.0,0.0,0.0,0.0,0.0,0.0,0.0,0.0,0.0,0.0,0.0,0.0,0.0,0.0,0.0,0.0,0.0,0.4165289256198348,0.0,0.0307692307692306,0.0,0.0,0.0,0.0,0.0,0.0,0.0,0.0,0.0
Q9HD26,0.0,0.0,0.0,0.0,0.0,0.0,0.038781163434903,0.0,0.0,0.0,0.0,0.0,0.0,0.0,0.0,0.0,0.0,0.0,0.0,0.0,0.0,0.0,0.253623188405797,0.0,0.0155382907880133,0.0,0.0,0.0,0.0,0.0,0.0,0.0,0.0,0.0,0.0
Q9NSB8,0.0,0.336,0.5448648648648647,0.0,0.0,0.0,0.0,0.0,0.0,0.0,0.0,0.4719101123595504,0.0,0.0,0.0,0.0,0.0135135135135135,0.0,0.0,0.0,0.0,0.0,0.0,0.3120356612184246,0.3636363636363636,0.0,0.0,0.0,0.0,0.0673076923076923,0.0,0.0098591549295774,0.3933402705515088,0.0,0.0
Q9NSC5,0.0,0.0,0.0080091533180778,0.0,0.0,0.0,0.0,0.0,0.0,0.2058823529411763,0.0,0.0177664974619289,0.0,0.0,0.0,0.0,0.0213197969543147,0.0,0.0,0.0,0.0,0.0,0.0,0.0562700964630225,0.0128629180448364,0.0,0.0,0.0,0.0,0.7924528301886792,0.0102639296187683,0.0106221547799696,0.3384615384615384,0.0,0.0
Q9NYB9,0.0744680851063829,0.0,0.0,0.0,0.1115537848605577,0.0,0.0,0.1717791411042944,0.0,0.0,0.0,0.0837320574162674,0.0,0.0,0.0,0.0,0.0346878097125867,0.0,0.0,0.0,0.0,0.0,0.0,0.0,0.3697632058287795,0.0564516129032258,0.0,0.8641975308641975,0.0,0.0,0.0,0.0102489019033674,0.0299785867237686,0.0,0.0
Q9NZ52,0.0,0.0,0.0484449594438006,0.0,0.0,0.0,0.0380434782608694,0.0,0.0,0.0,0.0,0.0,0.8749999999999997,0.0,0.0,0.0,0.0,0.0,0.0,0.0,0.0,0.0,1.7071363135172501,0.1374795417348608,0.0257391596693336,0.0303687635574837,0.0,0.0,0.0,0.0,0.0,0.0,0.0,0.0,0.0
Q9NZC7,0.0,0.6787158005741402,0.5202702702702702,0.0,0.0,0.0,0.0,0.0,0.0,0.0,0.0,0.140474688534931,0.1917808219178082,0.0,0.0,0.0,0.0,0.0,0.0,0.0,0.0,0.0,0.0,0.7264150943396226,0.1948473153226348,0.0288065843621398,0.0,0.0,0.0,0.0,0.0,0.0104011887072808,0.0,0.0,0.0
Q9NZJ4,0.0,0.0,0.0,0.0,0.0,0.0,0.0,0.0,0.0060344827586206,0.0,0.0,0.0,0.0,0.8664047151277015,0.0,0.0,0.0,0.0,0.0,0.0,0.0,0.0,0.0,0.0,0.0,0.0,0.0,0.0,0.0,0.0,0.053680981595092,0.033280507131537,0.0,0.2110552763819094,0.0
Q9NZN5,0.0,0.0,0.0,0.0,0.0,0.0,0.0,0.0,0.0,0.0,0.0,0.0,0.0,0.554455445544554,0.0,0.0,0.0,0.0,0.0,0.0,0.0,0.0,0.0,0.0,0.0,0.0,0.0,0.0,0.0,0.0,0.0,0.0,0.0,0.0,0.0
Q9P0L0,0.0,0.0,0.0,0.0,0.0,0.0,0.0,0.0,0.0,0.0,0.0,0.0,0.0,0.0,0.0,0.0,0.0366492146596855,0.0,0.0,0.0,0.0,0.0,0.0,0.0,0.0,0.0,0.0,0.0,0.0,0.0,0.0,0.0,0.0,0.0,0.0
Q9P202,0.0,0.0,0.0,0.0,0.0,0.0,0.0,0.0,0.0,0.0,0.2622950819672131,0.0176767676767676,0.0,0.10727969348659,0.0,0.0,0.0281124497991964,0.0,0.0,0.0,0.0,0.0,0.0,0.0,0.0179948586118251,0.0,0.0,0.0,0.0,0.0,0.8596491228070169,0.0,0.0076754385964912,0.0,3.769230769230769
Q9P227,0.0,0.0,0.0964408725602754,0.0,0.0147368421052631,0.0,0.0,0.0,0.0,0.0,0.0,0.0716112531969308,0.0,0.0,0.0,0.0,0.0,0.0,0.0,0.0,0.0,0.0,0.0,0.0,0.030905077262693,0.8358208955223875,0.0,0.0,0.0,0.0,0.0927835051546389,0.0,0.0154355016538037,0.0,0.0
Q9UBQ0,0.0,0.0,0.0,0.0,0.0,0.0,0.0,0.0,0.0,0.0,0.0,0.0,0.0,0.0,0.0,0.0,0.0073221757322175,0.0,0.0,0.0,0.0,0.0,0.0,0.0,0.0,0.0,0.0,0.0,0.0,0.0,0.0,0.0,0.0317820658342792,0.0,0.0
Q9UBZ9,0.0,0.0,0.0,0.0,0.0,0.0,0.0,0.0,0.0,0.0,0.0,0.0,0.0,0.0,0.0,0.0,0.0,0.0,0.0,0.0,0.0,0.0,0.0,0.0,0.0,0.0,0.0,0.0,0.0,1.814814814814814,0.0,0.0,0.0,0.0,0.0
Q9UDY2,0.0,0.0,0.0,0.0,0.1545253863134655,0.0,0.0,0.0,0.0,0.0,0.0,0.0,0.0,0.0,0.0,0.0,0.0145833333333332,0.0,0.0,0.0,0.0,0.0,0.0,0.0351758793969849,0.0,0.0,0.0,0.0,0.0,0.0,0.0,0.0,0.0,0.0,0.0
Q9UHX1,0.0,0.0,0.0459518599562362,0.0,0.0,0.0,0.0334128878281622,0.0391061452513966,0.0,0.0,0.614035087719298,0.2258064516129032,0.0,0.0,0.0,0.0,0.1502439024390244,0.0,0.0,0.0,0.0,0.0,1.886524822695036,0.0211480362537764,0.0811300253531328,0.0,0.0,0.1443298969072164,0.150537634408602,0.0,0.0,0.0,0.051578947368421,0.0524344569288388,0.0
Q9UI08,0.0,0.0,0.2866894197952218,0.0,0.0,0.0,0.0,0.0,0.0,0.0,0.0,0.3157894736842104,0.0,0.0,0.0,0.0,0.0,0.0,0.0,0.0,0.0,0.0,0.0,0.2679425837320572,0.2002934702861333,0.0,0.0,0.0,0.0,0.0,0.0101892285298398,0.0105421686746987,0.0076502732240437,0.0,0.0
Q9UJY4,0.0,0.0,0.0,0.0,0.0,0.0,0.0358056265984654,0.0,0.0,0.614035087719298,0.0,0.0,0.0,0.0,0.0,0.0,0.0140421263791374,0.0,0.0,0.0,0.0,0.0,0.0,0.0,0.0230515916575192,0.0,0.0,0.0,0.0,0.0,0.0,0.0104321907600596,0.8199566160520608,0.0,0.0
Q9UJY5,0.0,0.4590163934426229,0.0458515283842794,0.0,0.4846153846153844,0.0,0.1330166270783848,0.0,0.0,0.0,0.0,0.0321100917431192,0.0,0.1245551601423487,0.0,0.0,0.0681596884128528,0.0823529411764705,0.0,0.0,0.0,0.0,0.0,0.0,0.0658704306912776,0.027237354085603,0.0,0.0,0.0,0.0,0.0290055248618784,0.0099857346647646,0.0147058823529411,0.104089219330855,0.0
Q9UKM9,0.0,0.0320366132723112,0.0,0.0967741935483871,0.0947546531302876,0.0,0.0,0.0,0.0910199106054449,0.0,0.158790170132325,0.0690335305719921,0.0813953488372092,0.0,0.0,0.0,0.2550091074681236,0.0,0.0551181102362204,0.0,0.0,0.0,0.5394495412844037,0.0,0.0938602681721947,0.0239316239316238,0.0,0.0,0.0,0.0,0.0176100628930816,0.2176165803108808,0.0547409579667644,0.0,0.7253886010362692
Q9ULH1,0.0,0.0,0.0314960629921258,0.0,0.0141987829614604,0.0,0.1065989847715736,0.0,0.1303427845958526,0.0,0.0,0.0,0.0,0.0,0.0,0.0,0.028,0.0,0.0,0.0,0.0,0.2038834951456308,0.0,0.0219780219780218,0.0204678362573098,0.114989733059548,0.0,0.0,0.0,0.0,0.0903873744619797,0.0311572700296734,0.0,0.2314049586776856,0.0
Q9ULJ8,0.0,0.0,0.0,0.0,0.0,0.0,0.0,0.0,0.0,0.0,0.0,0.0,0.0,0.6706586826347304,0.0,0.0,0.0,0.0,0.0,0.0,0.0,0.0,0.0,0.0,0.0,0.0,0.0,0.0,0.0,0.0,0.0,0.0,0.0,0.0,0.0
Q9UMX1,0.0,0.094915254237288,0.0,0.0,0.0,0.0,0.0,0.0,0.0,0.0,0.0,0.0,0.0,0.0,0.0,0.0,0.0,0.0,0.0,0.0,0.0,0.0,0.0,0.0,0.0,0.0,0.0,0.0,0.0,0.0,0.0,0.0,0.0079455164585698,0.0,0.0
Q9UN81,0.0,0.0,0.0,0.0,0.0,0.0,0.0,0.0,0.0,0.0,0.0,0.0,0.0,0.0,0.0,0.0,0.0,0.0,0.0,0.0,0.0,0.0,0.0,0.0,0.0,0.0,0.0,0.0,0.0,0.0,0.0,0.385826771653543,0.0,0.0,0.0
Q9UN86,0.0,0.0,0.0,0.0,3.2463768115942027,0.0,0.0,0.0,0.0,0.0,0.0,0.0,0.0,0.0,0.0,0.0,0.0,0.0,0.0,0.0,0.1386138613861386,0.0,0.0,0.0,0.0,0.0,0.0,0.0,0.0,0.0,0.0101892285298398,0.0105421686746987,0.0,0.0,0.0
Q9UNP9,0.0,0.0,0.0363825363825363,0.0,0.0,0.0,0.0299785867237687,0.0308370044052863,0.0258620689655172,0.0,0.0,0.0290456431535269,0.0,0.0,0.0,0.0,0.1565703634669152,0.0,0.0,0.0,0.0,0.0397727272727272,0.0,0.0591549295774647,0.0523317906728373,0.0,0.0,0.0,0.0,0.0,0.9272727272727272,0.0937081659973226,0.0210420841683366,0.2666666666666664,0.0
Q9UPX8,0.0,0.0,0.0,0.0,0.0,0.0,0.0,0.0,0.0,0.0,0.2864450127877236,0.0,0.0,0.0,0.0,0.0,0.0,0.0,0.0,0.0,0.0,0.0,0.0,0.0,0.0051928783382789,0.0,0.0,0.0,0.0,0.0,0.0,0.0,0.0,0.0,0.0
Q9UQB8,0.0,0.0,0.0,0.0,0.0,0.0,0.0,0.0,0.0,0.0,0.0,0.0935828877005345,0.0,0.0,0.0,0.0,0.0,0.0,0.0,0.0,0.0,0.0,0.0169902912621359,0.0,0.116623472787856,0.0,0.0,0.0,0.0,0.0,0.0,0.0,0.0,0.0,0.0
Q9Y294,0.0,0.0,0.0,0.0,0.0483592400690846,0.0,0.0,0.0,2.1208656594528383,0.0,0.0,0.0,0.0,0.0,0.0,0.0,0.0,0.0,0.0,0.0,0.0,0.0,0.0,0.0,0.0,0.0,0.0,0.0,0.0,0.0,0.0178799489144316,0.0,0.0,0.0,0.0
Q9Y3R0,0.0,0.0,0.0,0.0,0.0,0.0,0.0,0.0,0.0,0.0,0.0,0.0,0.0,0.0,0.0,0.0,0.0,0.0,0.0,0.0,0.0,0.0,0.0,0.0,0.0,0.0,0.0,0.0,0.0,0.0,0.1605504587155959,0.0,0.0,0.0,0.0
Q9Y490,0.0,0.0,0.0,0.0,0.0149253731343283,0.0,0.0,0.0,0.0,0.0,0.0,0.0,0.0,0.0,0.0,0.0,0.0071721311475409,0.0,0.0,0.0,0.0,0.0,0.0,0.0,0.0335545722713864,0.0,0.0,0.0,0.0,0.0,0.0624071322436848,0.3230769230769228,0.0,0.0,0.0
Q9Y4F3,0.0,0.0,0.0,0.0,0.0,0.0,0.0,0.0,0.0,0.0,0.0,0.0,0.0,0.0,0.0,0.0,0.0,0.0,0.0,0.0,0.1842105263157894,0.0,0.0,0.0,0.0,0.0,0.0,0.0,0.0,0.0,0.0,0.54773082942097,0.0,0.0,0.0
Q9Y566,0.0,0.0835820895522388,0.0,0.0,0.0,0.0,0.6282051282051281,0.0,0.0,0.0,0.0,0.0,0.0,0.0,0.0,0.0,0.0,0.0,0.0,0.0,0.0,0.0,0.0,0.1658767772511845,0.038433382137628,0.1304347826086956,0.0,0.0,0.0,0.0,0.0808080808080808,0.3761194029850746,0.0,0.0,0.0
Q9Y572,0.0,0.0,0.0,0.0,0.0,0.0,0.0,0.0,0.0,0.0,0.0,0.0,0.0,0.0,0.0,0.0,0.0073221757322175,0.0,0.0,0.0,0.0,0.0,0.0694789081885856,0.0,0.0,0.0,0.0,0.0,0.0,0.0,0.0,0.0,0.0,0.0,0.0
Q9Y5K6,0.0,0.0,0.0,0.0,1.6386036960985626,0.0,0.0,0.0472972972972973,0.0,0.063063063063063,0.0,0.0,0.0,0.0,0.0,0.0,0.0140845070422534,0.0,1.4,0.0,0.2666666666666666,0.0,0.0,0.0,0.0,0.0,0.0,0.0,0.0,0.0,0.0,0.0,0.0,0.0,0.0
Q9Y5X1,0.0,0.0,0.0,0.0,0.0,0.0,0.920547945205479,0.0,0.0,0.0,0.0,0.0,0.0,0.0,0.0,0.0,0.0,0.0,0.0,0.0,0.0,0.0,0.0,0.0,0.0930919837458437,0.0,0.0,0.0,0.0,0.0,0.0,0.0108527131782945,0.0,0.0,0.0
Q9Y6D5,0.0,0.0,0.0,0.0,0.0,0.0,0.0,0.0,0.0,0.0,0.0,0.0,0.0,0.0,0.0,0.0,0.0,0.0,0.0,0.0,0.0,0.0,0.0,0.0,0.0,0.0,0.0,0.0,0.0,0.0,0.0,0.0,0.039772727272727,0.0,0.0
Q9Y6M1,0.0,0.0,0.0,0.0,0.0,0.0,0.0193370165745856,0.0,0.0,0.0,0.0,0.0,0.0,0.0,0.0,0.0,0.0072314049586776,0.0,0.0,0.0,0.0,0.0,0.016867469879518,0.0,0.0025887573964497,0.0,0.0,0.0,0.0,0.0,0.0,0.7632398753894082,0.0,0.0,0.0
