,Nairoviridae,Poxviridae,Rhabdoviridae,Pneumoviridae,Togaviridae,Nodaviridae,Reoviridae,Hepeviridae,Orthomyxoviridae,Anelloviridae,Hepadnaviridae,Adenoviridae,Polyomaviridae,Matonaviridae,Bornaviridae,Picobirnaviridae,Papillomaviridae,Peribunyaviridae,Astroviridae,Hantaviridae,Arteriviridae,Arenaviridae,Flaviviridae,Filoviridae,Herpesviridae,Paramyxoviridae,Birnaviridae,Parvoviridae,Phenuiviridae,Tobaniviridae,Picornaviridae,Coronaviridae,Retroviridae,Caliciviridae,Kolmioviridae
OXSR1___O95747_434_527,0.0,0.0906148867313915,0.0,0.0,0.0,0.0,0.0,0.0,0.0,0.0,0.0,0.0,0.0,0.0,0.0,0.0,0.0072164948453608,0.0,0.0,0.0,0.0,0.0,0.0,0.0,0.0051736881005173,0.0459518599562363,0.0,0.0,0.0,0.0,0.0104947526236881,0.0,0.0156424581005586,0.0,0.0
Puf60_RRM_12_Q9UHX1_118_316,0.0,0.0,0.0229759299781181,0.0,0.0,0.0,0.0167064439140811,0.0391061452513966,0.0,0.0,0.0,0.1129032258064516,0.0,0.0,0.0,0.0,0.0751219512195122,0.0,0.0,0.0,0.0,0.0,0.0,0.0105740181268882,0.0405650126765664,0.0,0.0,0.0721649484536082,0.0,0.0,0.0,0.0,0.051578947368421,0.0262172284644194,0.0
HOMER2_EVH1__Q9NSB8_1_111,0.0,0.112,0.0908108108108108,0.0,0.0,0.0,0.0,0.0,0.0,0.0,0.0,0.0786516853932584,0.0,0.0,0.0,0.0,0.0135135135135135,0.0,0.0,0.0,0.0,0.0,0.0,0.0520059435364041,0.0606060606060606,0.0,0.0,0.0,0.0,0.0,0.0,0.0098591549295774,0.1311134235171696,0.0,0.0
GGA1_VHS__Q9UJY5_1_157,0.0,0.1530054644808743,0.0229257641921397,0.0,0.0,0.0,0.0665083135391924,0.0,0.0,0.0,0.0,0.0160550458715596,0.0,0.0,0.0,0.0,0.0340798442064264,0.0,0.0,0.0,0.0,0.0,0.0,0.0,0.0329352153456388,0.0136186770428015,0.0,0.0,0.0,0.0,0.0290055248618784,0.0099857346647646,0.0147058823529411,0.0520446096654275,0.0
GGA-B_Alpha-adaptinC2__Q9NZ52_579_723,0.0,0.0,0.0162224797219003,0.0,0.0,0.0,0.0190217391304347,0.0,0.0,0.0,0.0,0.0,0.1458333333333333,0.0,0.0,0.0,0.0,0.0,0.0,0.0,0.0,0.0,0.0,0.0687397708674304,0.0025830258302583,0.0303687635574837,0.0,0.0,0.0,0.0,0.0,0.0,0.0,0.0,0.0
AP1G2_GAE__O75843_665_785,0.0,0.0,0.0,0.0,0.0,0.0,0.0,0.0,0.0,0.0,0.0,0.0,0.0,0.0,0.0,0.5833333333333334,0.0,0.0,0.0,0.0,0.0,0.0,0.0,0.0,0.0,0.0,0.0,0.0,0.0,0.0,0.0,0.0,0.0,0.0,0.0
SNX33_SH3_1_Q8WV41_2_60,0.0,0.0,0.0,0.0,0.0,0.0,0.1644908616187989,0.0,0.0,0.0,0.0,0.0175879396984924,0.0,0.0,0.0,0.0,0.0141557128412537,0.0,0.0,0.0,0.0,0.0,0.0,0.0,0.0102752293577981,0.0294117647058823,0.0,0.0,0.0,0.0,0.0306122448979591,0.0105580693815987,0.0229759299781181,0.0303030303030303,0.0
RALY_RRM__Q9UKM9_1_97,0.0,0.0320366132723112,0.0,0.0,0.0,0.0,0.0,0.0,0.0,0.0,0.0,0.0690335305719921,0.0406976744186046,0.0,0.0,0.0,0.0637522768670309,0.0,0.0,0.0,0.0,0.0,0.0,0.0,0.0938602681721947,0.0119658119658119,0.0,0.0,0.0,0.0,0.0088050314465408,0.1088082901554404,0.0547409579667644,0.0,0.0
GTF2F1___P35269_449_517,0.0,0.0,0.0,0.0,0.0,0.0,0.0,0.0,0.0,0.0,0.0,0.0,0.0,0.0,0.0,0.0,0.0,0.0,0.0,0.0,0.0,0.0,0.0,0.0,0.0,0.0,0.0,0.0,0.0,0.0,0.0,0.0,0.0,0.0,0.0
YES1_SH3__P07947_90_152,0.0,0.0178571428571428,0.0,0.0,0.0,0.0,0.0,0.1690821256038647,0.0,0.0,0.0,0.0454545454545454,0.0,0.0,0.0,0.0,0.0132953466286799,0.0,0.0,0.0,0.0,0.0,0.0,0.0,0.1229831480817497,0.0129629629629629,0.0,0.0,0.0,0.0,0.0,0.0096286107290233,0.1359918200408998,0.023728813559322,0.0
WWP2_WW_WW3_O00308_411_441,0.0,0.0342298288508557,0.145985401459854,0.0,0.0,0.0,0.0905172413793103,0.03125,0.0,0.0,0.0,0.1461377870563674,0.0,0.0,0.0,0.0,0.0065420560747663,0.0,0.0,0.0,0.0,0.0,0.0,0.1188118811881188,0.0997861724875267,0.03770197486535,0.0,0.0,0.0,0.0,0.0091264667535853,0.0940860215053763,0.0492462311557789,0.0673076923076923,0.0
PARP10_RRM__Q53GL7_10_99,0.0,0.0410557184750733,0.0,0.0,0.0,0.0,0.0176767676767676,0.0,0.0,0.0,0.0,0.0170316301703163,0.0,0.0,0.0,0.0,0.0279441117764471,0.0,0.0,0.0,0.0,0.0,0.0,0.0,0.0511322132943754,0.0,0.0,0.0,0.0,0.0,0.0,0.0828402366863905,0.0075512405609492,0.0,0.0
HSP90AB1___P08238_1_231,0.0,0.0,0.0,0.0,0.0,0.0,0.0,0.0,0.0,0.0,0.0,0.0,0.0,0.0,0.0,0.0,0.0,0.0,0.0,0.0,0.0,0.0,0.1004784688995215,0.0,0.0,0.0,0.0,0.0,0.0,0.0,0.0,0.0,0.0,0.0,0.0
PABP-B_PABP__P11940_544_623,0.0,0.0,0.0,0.0,0.0,0.0,0.0,0.0,0.0,0.0,0.0,0.0,0.0,0.0,0.0,0.0,0.0,0.0,0.0,0.0,0.0,0.0,0.0,0.0,0.0,0.0,0.0,0.0,0.0,0.2333333333333333,0.0,0.0,0.0,0.0,0.0
PTK6_SH3__Q13882_11_71,0.0,0.0,0.0,0.0,0.0,0.0,0.0,0.0,0.0,0.0,0.0,0.0,0.0,0.0,0.2857142857142857,0.0,0.0,0.0,0.0,0.0,0.0,0.0,0.0,0.0,0.0,0.0,0.0,0.0,0.0,0.0,0.0,0.0,0.0,0.0,0.0
SHANK1_PDZ__Q9Y566_655_761,0.0,0.0417910447761194,0.0,0.0,0.0,0.0,0.1256410256410256,0.0,0.0,0.0,0.0,0.0,0.0,0.0,0.0,0.0,0.0,0.0,0.0,0.0,0.0,0.0,0.0,0.0331753554502369,0.0076866764275256,0.0434782608695652,0.0,0.0,0.0,0.0,0.0404040404040404,0.1253731343283582,0.0,0.0,0.0
PHKG2_Pkinase__P15735_6_293,0.0,0.0,0.0,0.0,0.0,0.0,0.0,0.0,0.0,0.0,0.0,0.0,0.0,0.0,0.0,0.0,0.0,0.0,0.0,0.0,0.0,0.0,0.0,0.0,0.0,0.0,0.0,0.0,0.0,0.0,0.0,0.0,0.0,0.0,0.0
ZMYND11_coiled-coil-MYND__Q15326_480_602,0.0,0.0,0.0077864293659621,0.0,0.0,0.0,0.0,0.0,0.0,0.0,0.0,0.0501193317422434,0.0833333333333333,0.0,0.0,0.0,0.0138613861386138,0.0,0.0,0.0,0.0,0.0,0.0,0.0,0.0815731973780043,0.0845070422535211,0.0,0.0,0.0,0.0,0.0297029702970297,0.0307017543859649,0.0,0.0,0.0
CPEB1_RRM__Q9BZB8_294_514,0.0,0.0,0.0403225806451612,0.0,0.0,0.0,0.0375335120643431,0.0,0.0,0.0,0.0,0.018041237113402,0.0,0.0,0.0,0.0,0.0071501532175689,0.0,0.0,0.0,0.0,0.0,0.0,0.0,0.0103130755064456,0.0,0.0,0.0,0.0,0.0,0.0,0.1071975497702909,0.0154867256637168,0.0,0.0
TJP2_PDZ_1_Q9UDY2_24_128,0.0,0.0,0.0,0.0,0.0309050772626931,0.0,0.0,0.0,0.0,0.0,0.0,0.0,0.0,0.0,0.0,0.0,0.0,0.0,0.0,0.0,0.0,0.0,0.0,0.0,0.0,0.0,0.0,0.0,0.0,0.0,0.0,0.0,0.0,0.0,0.0
GOPC_PDZ__Q9HD26_278_373,0.0,0.0,0.0,0.0,0.0,0.0,0.0,0.0,0.0,0.0,0.0,0.0,0.0,0.0,0.0,0.0,0.0,0.0,0.0,0.0,0.0,0.0,0.0507246376811594,0.0,0.0,0.0,0.0,0.0,0.0,0.0,0.0,0.0,0.0,0.0,0.0
MAP1LC3C_ATG8__Q9BXW4_2_125,0.0,0.0377358490566037,0.0608034744842562,0.0,0.0,0.0,0.1150234741784037,0.0,0.0,0.0,0.0,0.0,0.0,0.0,0.0,0.0,0.2781007751937985,0.0,0.0,0.0,0.0,0.0,0.0,0.0,0.0151734104046242,0.0,0.0,0.0,0.0,0.0,0.0,0.0198300283286119,0.0,0.0255474452554744,0.0
DLG4_PDZ_2_P78352_155_249,0.0,0.0,0.0,0.0,0.0,0.0,0.0,0.0,0.0,0.0,0.2562929061784897,0.0,0.0,0.0,0.0,0.0,0.0,0.0,0.0,0.0,0.0,0.0,0.0,0.0,0.0,0.0,0.0,0.0,0.0,0.0,0.0,0.0,0.0,0.0,0.0
EPHB1_Pkinase__P54762_602_896,0.0,0.0,0.0,0.0,0.0,0.0,0.0,0.0,0.0,0.0,0.0,0.0,0.0,0.0,0.0,0.0,0.0,0.0,0.0,0.0,0.0,0.0,0.1198044009779951,0.0,0.0,0.0,0.0,0.0,0.0,0.0,0.0,0.0,0.0,0.0,0.0
ITCH_WW_2_Q96J02_356_394,0.0,0.0649651972157772,0.2140672782874617,0.0,0.0,0.0,0.0864197530864197,0.0284552845528455,0.0,0.0,0.0,0.1536926147704591,0.0,0.0,0.0,0.0,0.0,0.0,0.0,0.0,0.0,0.0717948717948718,0.0,0.1344307270233196,0.1163366336633663,0.0241796200345423,0.0,0.0853658536585365,0.0,0.0,0.0,0.0,0.0894788593903638,0.0838323353293413,0.0
VAPA_MSP__Q9P0L0_8_143,0.0,0.0,0.0,0.0,0.0,0.0,0.0,0.0,0.0,0.0,0.0,0.0,0.0,0.0,0.0,0.0,0.0,0.0,0.0,0.0,0.0,0.0,0.0,0.0,0.0,0.0,0.0,0.0,0.0,0.0,0.0,0.0,0.0,0.0,0.0
SYNPO2L_PDZ__Q9H987_1_89,0.0,0.0,0.0,0.0,0.0,0.0,0.0,0.0,0.0,0.0,0.0,0.0,0.0,0.0,0.0,0.0,0.0,0.0,0.0,0.0,0.0,0.0,0.0,0.0,0.0,0.0,0.0,0.0,0.0,0.0,0.0,0.0,0.0,0.0,0.0
Src_SH3__P12931_87_144,0.3294117647058823,0.0,0.0,0.0588235294117647,0.0,0.0,0.0,0.0,0.0,0.0,0.0,0.0,0.0,0.0,0.0,0.0,0.0,0.0,0.0,0.0,0.0,0.0,0.0,0.0,0.0,0.0,0.0,0.0,0.0,0.0,0.0,0.0,0.0,0.0,0.0
MAGI1_PDZ_4_Q96QZ7_836_925,0.0,0.0,0.0,0.0,0.0,0.0,0.0,0.0,0.0,0.0,0.0,0.0,0.0,0.0,0.0,0.0,0.0,0.0,0.0,0.0,0.0,0.0,0.0,0.0,0.0,0.0,0.0,0.0,0.0,0.0,0.0,0.0,0.0,0.0,0.0
MK01_Pkinase-merged__P28482_1_360,0.0,0.0,0.0,0.0,0.0,0.0,0.0,0.0,0.0,0.0,0.0,0.0,0.0,0.0,0.0,0.0,0.0,0.0,0.0,0.0,0.0,0.0,0.0,0.0691927512355848,0.0103473762010347,0.0,0.0,0.0,0.0,0.0,0.0,0.0,0.0078212290502793,0.0,0.0
LRH1_Hormone-recep__O00482_297_541,0.0,0.0,0.0,0.0,0.0,0.0,0.0,0.0,0.0,0.0,0.0,0.0,0.0,0.0,0.0,0.0,0.0,0.0,0.0,0.4285714285714286,0.0,0.0,0.0,0.0,0.0,0.0,0.0,0.0,0.0,0.0,0.0,0.0,0.0,0.0,0.0
DNMBP_SH3_6_Q6XZF7_1516_1575,0.0,0.0,0.0,0.0,0.0,0.0,0.0,0.0,0.0,0.0,0.0,0.0341463414634146,0.0,0.0,0.0,0.0,0.0209790209790209,0.0,0.0,0.0,0.0,0.0,0.0,0.0,0.0639386189258312,0.0,0.0,0.0,0.0,0.0,0.0401146131805157,0.0,0.0151187904967602,0.0,0.0
PSMD9_PDZ__O00233_105_223,0.0,0.0,0.0,0.0,0.0,0.0,0.0,0.0,0.0,0.0,0.0,0.0,0.0,0.0,0.0,0.0,0.0072463768115942,0.0,0.0,0.0,0.0,0.0,0.0,0.0348258706467661,0.0,0.0,0.0,0.0,0.0,0.0,0.0527903469079939,0.0,0.0078563411896745,0.0,0.0
NCK1_SH3_1_P16333_5_60,0.0,0.0,0.0,0.0,0.0,0.0,0.0,0.0,0.0,0.0,0.0,0.0,0.0,0.0,0.2692307692307693,0.0,0.0,0.0,0.0,0.0,0.0,0.0,0.0,0.0,0.0,0.0,0.0,0.0,0.0,0.0,0.0,0.0,0.0,0.0,0.0
BRD4_NET__O60885_601_683,0.0,0.0,0.0,0.0,0.0,0.0,0.0,0.0,0.0,0.0,0.0,0.0,0.0,0.12625250501002,0.0,0.0,0.0,0.0,0.0,0.0,0.0,0.0,0.0,0.0,0.0,0.0,0.0,0.0,0.0,0.0,0.0,0.0,0.0,0.0,0.0
SNX9_SH3_1_Q9Y5X1_3_61,0.0,0.0,0.0,0.0,0.0,0.0,0.1534246575342465,0.0,0.0,0.0,0.0,0.0,0.0,0.0,0.0,0.0,0.0,0.0,0.0,0.0,0.0,0.0,0.0,0.0,0.0155153306243073,0.0,0.0,0.0,0.0,0.0,0.0,0.0108527131782945,0.0,0.0,0.0
MAGI3_PDZ_5_Q5TCQ9_847_941,0.0,0.0,0.0,0.0,0.0,0.0,0.0,0.0,0.0,0.0,0.0,0.0,0.0,0.1115537848605577,0.0,0.0,0.0,0.0,0.0,0.0,0.0,0.0,0.0,0.0,0.0,0.0,0.0,0.0,0.0,0.0,0.0,0.0,0.0,0.0,0.0
MAGI3_PDZ_4_Q5TCQ9_716_815,0.0,0.0,0.0,0.0,0.0,0.0,0.0,0.0,0.0,0.0,0.0,0.0,0.0,0.0,0.0,0.0,0.0,0.0,0.0,0.0,0.0,0.0,0.0,0.0,0.0,0.0,0.0,0.0,0.0,0.0,0.0,0.0,0.0,0.0,0.0
HLTF_HIRAN__Q14527_51_171,0.0,0.0,0.0075187969924812,0.0,0.0,0.0,0.0,0.0,0.0,0.0,0.0,0.0155210643015521,0.1206896551724138,0.0,0.0,0.0,0.1410748560460652,0.0,0.0,0.0,0.0,0.0,0.0,0.0103092783505154,0.0755939524838013,0.0396975425330812,0.0,0.0,0.0,0.0,0.0,0.0,0.014477766287487,0.0,0.0
PARD3_PDZ_2_Q8TEW0_454_550,0.0,0.0,0.0,0.0,0.0,0.0,0.0,0.0,0.0,0.0,0.0,0.018970189701897,0.0,0.0,0.0,0.0,0.0,0.0,0.0,0.0,0.0,0.1111111111111111,0.0,0.0,0.0,0.0,0.0,0.0,0.0,0.0,0.0,0.0,0.007909604519774,0.0,0.0
MYL_x2-EF-hand__P60660_4_151,0.0,0.0,0.0,0.0,0.0,0.0,0.0,0.0,0.0,0.0,0.0,0.0,0.0,0.0,0.0,0.0,0.0,0.0,0.0,0.0,0.0,0.0,0.0,0.0,0.0,0.0,0.0,0.0,0.0,0.0,0.0,0.0,0.0,0.0,0.0
PPW_Cyclophilin-type-PPIase__Q96BP3_486_646,0.0,0.1034482758620689,0.0366108786610878,0.0,0.0,0.0,0.0151843817787418,0.0,0.0,0.0,0.0,0.1323529411764706,0.0,0.0,0.0,0.0,0.0393626991565135,0.0,0.0,0.0,0.0,0.0411764705882352,0.0,0.0596590909090909,0.0924009989297181,0.0,0.0,0.0,0.0,0.0,0.1465968586387434,0.0283400809716599,0.0352822580645161,0.0226537216828478,0.0
RBM_RRM-1__Q96I25_298_401,0.0,0.0,0.0,0.0,0.0,0.0,0.0,0.0,0.0,0.0,0.0,0.0563002680965147,0.0,0.0,0.0,0.0,0.0072614107883817,0.0,0.0,0.0,0.0,0.0,0.0,0.0,0.0051851851851851,0.0,0.0,0.0,0.0,0.0,0.0,0.0,0.0078740157480314,0.1019417475728155,0.0
MAP1LC3A_ATG8__Q9H492_2_121,0.0,0.0323325635103926,0.0427263479145473,0.0,0.0,0.0,0.0573770491803278,0.0,0.0,0.0,0.0,0.0,0.0,0.0,0.0,0.0,0.3455210237659963,0.0,0.0,0.0,0.0,0.0,0.0,0.0,0.0643109540636042,0.0,0.0,0.0,0.0,0.0,0.0088495575221238,0.1002604166666666,0.0,0.0416666666666666,0.0
RDX_FERM_1_P35241_5_295,0.0,0.0891203703703703,0.0891089108910891,0.0,0.0,0.0,0.0380848748639825,0.0206185567010309,0.0,0.0,0.0,0.0,0.011686143572621,0.0,0.0,0.0,0.0688524590163934,0.0,0.0,0.0,0.0,0.0,0.0,0.036144578313253,0.0450781968721251,0.283596837944664,0.0,0.0,0.0,0.0,0.085924713584288,0.268557130942452,0.1979310344827586,0.1186440677966101,0.0
CBX1_CHROMO-Shadow__P83916_105_169,0.0,0.0,0.0,0.0,0.0,0.0,0.0,0.0,0.0,0.0,0.0,0.0,0.0,0.0,0.0,0.0,0.0,0.0,0.0,0.0,0.0,0.0,0.0,0.0,0.0,0.0,0.0,0.0,0.0,0.0,0.0,0.0,0.0,0.0,0.0
ANKRA2_Ank__Q9H9E1_142_313,0.0,0.0,0.0,0.0,0.0304347826086956,0.0,0.0,0.0,0.0,0.0,0.0,0.0,0.0,0.0,0.0,0.0,0.0,0.0,0.0,0.0,0.0,0.0,0.0,0.0,0.0,0.0,0.0,0.0,0.0,0.0,0.0,0.0,0.0,0.0,0.0
REV1_CTD__Q9UBZ9_1156_1251,0.0,0.0,0.0,0.0,0.0,0.0,0.0,0.0,0.0,0.0,0.0,0.0,0.0,0.0,0.0,0.0,0.0,0.0,0.0,0.0,0.0,0.0,0.0,0.0,0.0,0.0,0.0,0.0,0.0,0.2592592592592592,0.0,0.0,0.0,0.0,0.0
VRK3_Pkinase__Q8IV63_146_474,0.0,0.0,0.0,0.0,0.0,0.0,0.0,0.0,0.0,0.0,0.0,0.0,0.0,0.0,0.0,0.0,0.0,0.0,0.0,0.0,0.0,0.0,0.0173267326732673,0.0,0.0,0.0,0.0,0.0,0.0,0.0,0.0,0.0,0.0,0.0,0.0
MPP3_PDZ__Q13368_124_222,0.0,0.0,0.0,0.0,0.0,0.0,0.0,0.0,0.0,0.0,0.0,0.0,0.0,0.0,0.0,0.0,0.0,0.0,0.0,0.0,0.0,0.0,0.0,0.0,0.0,0.0,0.0,0.0,0.0,0.0,0.0,0.0,0.0,0.0,0.0
CSTF2_RRM_1_P33240_8_111,0.0,0.0,0.0,0.0,0.0,0.0,0.0,0.0,0.0,0.0,0.0,0.0,0.0,0.0968379446640316,0.0,0.0,0.0,0.0,0.0,0.0,0.0,0.0,0.0,0.0,0.0,0.0,0.0,0.0,0.0,0.0,0.0,0.0,0.0,0.0,0.0
PPM1G___O15355__,0.0,0.0,0.0246768507638072,0.0,0.0,0.0,0.0,0.0,0.0,0.0,0.0,0.0,0.0,0.0,0.0,0.0,0.0,0.0,0.0,0.0,0.0,0.0,0.0,0.0,0.0025945144551519,0.0,0.0,0.0,0.0,0.0,0.0,0.0440251572327044,0.0,0.0,0.0
GABARAP_ATG8__O95166_2_115,0.0,0.0321100917431192,0.063894523326572,0.0,0.0,0.0,0.0,0.0,0.0,0.0,0.0,0.0,0.0,0.0,0.0,0.0,0.2999088422971741,0.0,0.0,0.0,0.0,0.0,0.0,0.0,0.0247087892693258,0.0,0.0,0.0,0.0,0.0,0.008816120906801,0.0272373540856031,0.2328767123287671,0.0206489675516224,0.0
GRIP1_PDZ_6_Q9Y3R0_666_762,0.0,0.0,0.0,0.0,0.0,0.0,0.0,0.0,0.0,0.0,0.0,0.0,0.0,0.0,0.0,0.0,0.0,0.0,0.0,0.0,0.0,0.0,0.0,0.0,0.0,0.0,0.0,0.0,0.0,0.0,0.0,0.0,0.0,0.0,0.0
PIK3R1_SH3_1_P27986_6_78,0.0,0.1038575667655786,0.0,0.0,0.0,0.0,0.0,0.0,0.0,0.0,0.0,0.0,0.0,0.0,0.0,0.0,0.0350701402805611,0.0,0.0,0.0,0.0,0.0,0.0,0.0,0.0512070226773957,0.0,0.0,0.0,0.0,0.0,0.0100719424460431,0.0,0.0075839653304442,0.0,0.0
Keap1_KELCH__Q14145_321_609,0.0,0.0,0.0,0.0,0.0,0.0,0.0,0.0,0.0,0.0,0.0,0.0,0.0,0.0,0.0,0.0,0.0,0.0,0.0,0.0,0.1014492753623188,0.0,0.0,0.0,0.0,0.0,0.0,0.0,0.0,0.0,0.0,0.0,0.0,0.0,0.0
SPRED1_EVH1__Q7Z699_13_131,0.0,0.0,0.0,0.0,0.0,0.0,0.3174224343675417,0.0,0.0,0.0,0.0,0.0,0.0,0.0,0.0,0.0,0.0204878048780487,0.0,0.0,0.0,0.0,0.0,0.0,0.0,0.0202825063382832,0.02734375,0.0,0.0721649484536082,0.0,0.0,0.0484764542936288,0.0,0.0,0.0,0.0
APBB1_WW__O00213_251_289,0.0,0.0964187327823691,0.0460021905805038,0.0,0.0,0.0,0.0167464114832535,0.0,0.0,0.0,0.0,0.0484988452655889,0.0,0.0,0.0,0.0,0.0341796875,0.0,0.0,0.0,0.0,0.0,0.0,0.0847201210287443,0.0557971014492753,0.0958904109589041,0.0,0.0,0.0,0.0,0.0194174757281553,0.0,0.0368809272918862,0.0,0.0
FXR1_KH1-KH2_12_P51114_215_360,0.0,0.0309050772626931,0.0069790628115653,0.0,0.0,0.0,0.0,0.0,0.0,0.0,0.0,0.1204588910133843,0.2234042553191489,0.0,0.0,0.0,0.0942549371633752,0.0,0.0,0.0,0.0,0.0,0.0,0.0093209054593874,0.1031578947368421,0.0815307820299501,0.0,0.0,0.0,0.0,0.0776818742293464,0.0088832487309644,0.1482194417709336,0.0196629213483146,0.0
YWHAB_14-3-3_beta-alpha_P31946_1_246,0.0,0.0,0.0,0.0,0.0,0.0,0.0,0.0,0.0,0.0,0.0,0.0,0.0,0.0,0.0,0.0,0.0,0.0,0.0,0.0,0.0,0.0,0.0,0.0,0.0,0.0,0.0,0.0,0.0,0.0,0.0,0.0,0.0,0.0,0.0
FRMPD2_PDZ__Q68DX3_1073_1166,0.0,0.0,0.0,0.0,0.0,0.0,0.0,0.0,0.0,0.0,0.0,0.0,0.0,0.0,0.0,0.0,0.0,0.0,0.0,0.0,0.0,0.0,0.0,0.0,0.0,0.0,0.0,0.0,0.0,0.0,0.0,0.0,0.0,0.0,0.0
PLEK_DEP__P08567_120_231,0.0,0.0,0.0,0.0,0.0,0.0,0.0,0.0,0.0,0.0,0.4954337899543379,0.0,0.0,0.0,0.0,0.0,0.0,0.0,0.0,0.0,0.0,0.0,0.0,0.0,0.0,0.0,0.0,0.0,0.0,0.0,0.0,0.0,0.0,0.0,0.0
TSG101_UEV__Q99816_1_145,0.0,0.0,0.0566228513650151,0.0,0.0,0.0,0.1700404858299595,0.468503937007874,0.0,0.0,0.0,0.0275049115913556,0.0,0.0,0.0,0.0,0.0381818181818181,0.0,0.0,0.0,0.0,0.2413793103448276,0.0,0.0189959294436906,0.0493653032440056,0.0,0.0,0.0,0.0,0.0,0.0439146800501882,0.0,0.4029268292682927,0.0204678362573099,0.0
NEDD4_WW_1_P46934_608_646,0.0,0.0,0.0722477064220183,0.0,0.0,0.0,0.0185676392572944,0.0,0.0,0.0,0.0,0.0892857142857142,0.0,0.0,0.0,0.0,0.0,0.0,0.0,0.0,0.0,0.0,0.0,0.0677419354838709,0.0180213313718278,0.0148936170212765,0.0,0.0,0.0,0.0,0.0,0.0,0.0,0.0,0.0
VCL_Vinc__P18206_1_258,0.0,0.0,0.0,0.0,0.0,0.0,0.0,0.0,0.0,0.0,0.0,0.0,0.0,0.0,0.0,0.0,0.0,0.0,0.0,0.0,0.1971830985915493,0.0,0.0,0.0,0.0,0.0,0.0,0.0,0.0,0.0,0.0,0.0,0.0,0.0,0.0
NEDD4_WW_2_P46934_765_803,0.0,0.0587002096436058,0.2385589094449854,0.0,0.0,0.0,0.131578947368421,0.0,0.0,0.0,0.0,0.1791590493601462,0.0,0.0,0.0,0.0,0.0061511423550087,0.0,0.0,0.0,0.0,0.0580912863070539,0.0,0.2167741935483871,0.1437021572720946,0.0112,0.0,0.0666666666666666,0.0,0.0,0.0083832335329341,0.0,0.0921919096895578,0.0368421052631579,0.0
CD2AP_SH3_1_Q9Y5K6_2_58,0.0,0.0,0.0,0.0,0.2731006160164271,0.0,0.0,0.0,0.0,0.0,0.0,0.0,0.0,0.0,0.0,0.0,0.0,0.0,0.28,0.0,0.0,0.0,0.0,0.0,0.0,0.0,0.0,0.0,0.0,0.0,0.0,0.0,0.0,0.0,0.0
DOK4_PTB__Q8TEW6_130_237,0.0,0.0,0.0,0.0,0.0,0.0,0.0,0.0,0.0,0.0,0.0,0.0,0.0,0.0,0.0,0.0,0.0,0.0,0.0,0.0,0.0,0.0,0.0,0.0,0.0,0.0,0.0,0.0,0.0,0.2692307692307693,0.0,0.0,0.0,0.0,0.0
IPO4_Heat_1_Q8TEX9_668_1081,0.0,0.0,0.0,0.0,0.0,0.0,0.0,0.0,0.0,0.0,0.0,0.0,0.0,0.0,0.0,0.0,0.0,0.0,0.0,0.0,0.0,0.0,0.0,0.0,0.0,0.0,0.0,0.0,0.0,0.0,0.0,0.0,0.0,0.0,0.0
FKBP3_FKBP-C__Q00688_109_224,0.0,0.0,0.0,0.0,0.0,0.0,0.0,0.0,0.0,0.0,0.0,0.0,0.0,0.0,0.0,0.0,0.0,0.0,0.0,0.0,0.0,0.0,0.0,0.0,0.0,0.0,0.0,0.0,0.0,0.0,0.0,0.0,0.0,0.0,0.0
MAGI1_WW_2_Q96QZ7_357_395,0.0,0.0823529411764705,0.0157303370786516,0.0,0.0,0.0,0.0177215189873417,0.0,0.0,0.0,0.0,0.0682926829268292,0.0,0.0,0.0,0.0,0.0,0.0,0.0,0.0,0.0,0.0,0.0,0.1206896551724138,0.0562659846547314,0.0143442622950819,0.0,0.0,0.0,0.0,0.0,0.0,0.0151187904967602,0.0,0.0
FRS3_PTB__O43559_12_117,0.0,0.0,0.0,0.0,0.0,0.0,0.0,0.0,0.0,0.0,0.0,0.0,0.0,0.0,0.0,0.0,0.0144628099173553,0.0,0.0,0.0,0.0,0.0,0.0,0.0,0.0284763313609467,0.0,0.0,0.0,0.0,0.0,0.0,0.0109034267912772,0.0,0.0,0.0
ALYREF_RRM__Q86V81_78_183,0.0,0.019774011299435,0.0077433628318584,0.0,0.0,0.0,0.0342298288508557,0.0,0.0,0.0,0.0,0.0165094339622641,0.0,0.0,0.0,0.0,0.0,0.0,0.0,0.0,0.0,0.0,0.0,0.0,0.0203562340966921,0.0278884462151394,0.0,0.0,0.0,0.0,0.0098314606741573,0.1625544267053701,0.0074468085106382,0.0,0.0
APBB2_WW__Q92870_288_326,0.0,0.0,0.0,0.0,0.0,0.0,0.0,0.0,0.0,0.0,0.0,0.0,0.0,0.0,0.0,0.0,0.0,0.0,0.0,0.0,0.0,0.0,0.0,0.0,0.0,0.0,0.0,0.0,0.0,0.0,0.0,0.0,0.0,0.0,0.0
SMYD3_CTD__Q9H7B4_269_428,0.0,0.0,0.0,0.0,0.0,0.0,0.0,0.0,0.0,0.0,0.0,0.0,0.0,0.0,0.0,0.0,0.0,0.0,0.0,0.0,0.0,0.0,0.0,0.0,0.0,0.0,0.0,0.0,0.0,0.0,0.0,0.0,0.0,0.0,0.0
STAMBP_MIT__O95630_1_146,0.0,0.0403458213256484,0.0,0.0,0.0,0.0,0.0,0.0,0.0,0.0,0.0,0.0671462829736211,0.0,0.0,0.0,0.0,0.0138888888888888,0.0,0.0,0.0,0.0,0.0,0.0,0.0,0.1045918367346938,0.0,0.0,0.0,0.0,0.0,0.0,0.0,0.015005359056806,0.028,0.0
WWC1_WW_2_Q8IX03_50_89,0.0,0.0,0.0,0.0,0.0,0.0,0.0,0.0,0.0,0.0,0.0,0.0,0.0,0.0,0.0,0.0,0.0,0.0,0.0,0.0,0.0,0.0,0.0,0.0,0.0,0.0,0.0,0.0,0.1590909090909091,0.0,0.0,0.0,0.0,0.0,0.0
FNBP3-PRPF40A_WW_2_O75400_179_217,0.0,0.087227414330218,0.0,0.0,0.0,0.0,0.0,0.0,0.0,0.0,0.0,0.0,0.0,0.0,0.0,0.0,0.0427698574338085,0.0,0.0,0.0,0.0,0.0,0.0,0.0,0.018027961736571,0.0,0.0,0.0,0.0,0.0,0.0,0.0,0.0077177508269018,0.0,0.0
SRC_Pkinase__P12931_254_536,0.328125,0.0,0.0,0.0,0.0,0.0,0.0,0.0,0.0,0.0,0.0,0.0,0.0,0.0,0.0,0.0,0.0,0.0,0.0,0.0,0.0,0.0,0.0,0.0,0.0,0.0,0.0,0.0,0.0,0.0,0.0,0.0,0.0,0.0,0.0
EPS8L1_SH3_1_Q12929_534_598,0.0,0.0,0.0,0.0,0.0,0.0,0.0,0.0,0.0,0.2333333333333333,0.0,0.0,0.0,0.0,0.0,0.0,0.0,0.0,0.0,0.0,0.0,0.0,0.0,0.0,0.0,0.0,0.0,0.0,0.0,0.0,0.0,0.0,0.0,0.0,0.0
CUL2_Nterm__Q13617_1_163,0.0,0.0,0.0,0.0,0.0,0.0,0.0,0.0,0.0,0.0,0.0,0.0,0.0,0.0,0.0,0.0,0.0,0.0,0.0,0.0,0.0,0.0,0.0,0.0,0.0,0.0,0.0,0.0,0.0,0.0,0.0,0.0,0.0,0.0,0.0
SRSF3_RRM__P84103_1_86,0.0,0.2016460905349794,0.0,0.0,0.0,0.0,0.0388170055452865,0.0697674418604651,0.0,0.0,0.0,0.0755395683453237,0.0,0.0,0.0,0.0,0.1464690496948561,0.0,0.0,0.0,0.0,0.0,0.0,0.0267857142857142,0.1262573707943114,0.1324921135646687,0.0,0.0,0.0,0.0,0.1078199052132701,0.0596833130328867,0.0261194029850746,0.0,0.0
FKBP1A_full-length__P62942_1_108,0.0,0.0,0.0,0.0,0.0,0.0,0.0,0.0,0.0,0.0,0.0,0.0,0.0,0.0,0.0,0.0,0.0,0.0,0.0,0.0,0.0,0.0,0.0172839506172839,0.0,0.0,0.0,0.0,0.0,0.0,0.0,0.0,0.0,0.0,0.0,0.0
MAPK3_Pkinase__Q16644_33_349,0.0,0.0,0.0,0.0,0.0,0.0,0.0,0.0,0.0,0.0,0.0,0.0,0.0,0.0,0.0,0.0,0.0,0.0,0.0,0.0,0.0,0.0,0.0,0.0,0.0,0.0,0.0,0.0,0.0,0.0,0.0,0.0,0.0,0.0,0.0
SACS_SR1__Q9NZJ4_89_336,0.0,0.0,0.0,0.0,0.0,0.0,0.0,0.0,0.0,0.0,0.0,0.0,0.0,0.1237721021611002,0.0,0.0,0.0,0.0,0.0,0.0,0.0,0.0,0.0,0.0,0.0,0.0,0.0,0.0,0.0,0.0,0.0,0.0,0.0,0.0,0.0
PARD6G_PDZ__Q9BYG4_141_254,0.0,0.0,0.0,0.0,0.0,0.0,0.0,0.0,0.0,0.0,0.2660332541567696,0.0,0.0,0.0,0.0,0.0,0.0,0.0,0.0,0.0,0.0,0.0,0.0,0.0,0.0,0.0,0.0,0.0,0.0,0.0,0.0,0.0,0.0,0.0,0.0
TCEA_TFSII__Q15560_231_299,0.0,0.0,0.0,0.0,0.0,0.0,0.0,0.0,0.0,0.0,0.0,0.0,0.0,0.0,0.0,0.0,0.0,0.0,0.0,0.0,0.0,0.0,0.0,0.0,0.0,0.0,0.0,0.0,0.0,0.0,0.0,0.0,0.0,0.0,0.0
G3BP2_NTF2_1_Q9UN86_1_139,0.0,0.0,0.0,0.0,0.463768115942029,0.0,0.0,0.0,0.0,0.0,0.0,0.0,0.0,0.0,0.0,0.0,0.0,0.0,0.0,0.0,0.0,0.0,0.0,0.0,0.0,0.0,0.0,0.0,0.0,0.0,0.0,0.0,0.0,0.0,0.0
GRAP2_SH3_2_O75791_274_329,0.0,0.0,0.0078563411896745,0.0,0.0,0.0,0.0,0.0,0.0,0.0,0.0,0.0,0.0,0.0,0.0,0.0,0.0,0.0,0.0,0.0,0.0,0.0,0.0,0.0,0.0409057706355003,0.0,0.0,0.0,0.0,0.0,0.2002861230329041,0.0103550295857988,0.0075512405609492,0.0286885245901639,0.0
SRP54_SRPSBP__P61011_323_441,0.0,0.0,0.0,0.0,0.0,1.0,0.0,0.0,0.0,0.0,0.0,0.0,0.0,0.0,0.0,0.0,0.0,0.0,0.0,0.0,0.0,0.0,0.0,0.0,0.0,0.0,0.0,0.0,0.0,0.0,0.0,0.0,0.0,0.0,0.0
WBP4_WW_2_O75554_161_199,0.0,0.0,0.0159635119726339,0.0,0.0,0.0,0.0183246073298429,0.0,0.0,0.0,0.0,0.070528967254408,0.0,0.0,0.0,0.0,0.0070850202429149,0.0,0.0,0.0,0.0,0.0,0.0,0.1232,0.0282672540381791,0.0,0.0,0.0,0.0,0.0,0.0,0.0,0.0230010952902519,0.0,0.0
CREBBP_NCBD__Q92793_2062_2109,0.0,0.0,0.0,0.0,0.0,0.0,0.0,0.0,0.0,0.0,0.0,0.0,0.0,0.0,0.0,0.0,0.0,0.0,0.0,0.0,0.0,0.0,0.0,0.0,0.0,0.0,0.0,0.0,0.0,0.0,0.0,0.0,0.0,0.0,0.0
SHANK3_PDZ__Q9BYB0_562_670,0.0,0.0,0.0,0.0,0.0,0.0,0.0,0.0,0.0,0.0,0.4344827586206897,0.0,0.0,0.0,0.0,0.0,0.0,0.0,0.0,0.0,0.0,0.0,0.0,0.0,0.0,0.0,0.0,0.0,0.0,0.0,0.0,0.0,0.0,0.0,0.0
UEVLD_UEV__Q8IX04_1_145,0.0,0.0,0.0,0.0,0.0,0.0,0.0,0.0,0.0,0.0,0.0,0.0,0.0,0.0,0.0,0.0,0.0,0.0,0.0,0.0,0.0,0.0,0.0,0.0,0.0,0.0,0.0,0.0,0.0,0.0,0.0,0.0,0.0,0.0,0.0
RIPK3___Q9Y572_1_518,0.0,0.0,0.0,0.0,0.0,0.0,0.0,0.0,0.0,0.0,0.0,0.0,0.0,0.0,0.0,0.0,0.0,0.0,0.0,0.0,0.0,0.0,0.0,0.0,0.0,0.0,0.0,0.0,0.0,0.0,0.0,0.0,0.0,0.0,0.0
ARHGEF12_PDZ__Q9NZN5_67_151,0.0,0.0,0.0,0.0,0.0,0.0,0.0,0.0,0.0,0.0,0.0,0.0,0.0,0.1108910891089108,0.0,0.0,0.0,0.0,0.0,0.0,0.0,0.0,0.0,0.0,0.0,0.0,0.0,0.0,0.0,0.0,0.0,0.0,0.0,0.0,0.0
RAN2-B_Ran-BP1-PH-domain__P49792_2924_3050,0.0,0.0,0.0,0.0,0.0456521739130434,0.0,0.0,0.0,0.0,0.0,0.0,0.0,0.0,0.0,0.0,0.0,0.0,0.0,0.0,0.0,0.0,0.0,0.0,0.0,0.0,0.0,0.0,0.0,0.0,0.0,0.0,0.0,0.0,0.0,0.0
SH2D1A_SH2__O60880_1_104,0.0,0.0,0.0,0.0,0.0,0.0,0.0,0.0,0.0,0.0,0.0,0.0,0.0,0.0,0.0,0.0,0.0,0.0,0.0,0.0,0.0,0.0,0.0,0.0,0.0,0.0,0.0,0.0,0.0,0.0,0.0,0.0,0.0,0.0,0.0
NF2_FERM_1_P35240_22_311,0.0,0.0,0.0,0.0,0.0,0.0,0.0,0.0,0.0685982104814657,0.0,0.0,0.0,0.0,0.0,0.0,0.0,0.0,0.0,0.0,0.0,0.0,0.0,0.0,0.0,0.0,0.0,0.0,0.0,0.0,0.0,0.0,0.0,0.0,0.0,0.0
WWOX_WW_1_Q9NZC7_16_50,0.0,0.0621301775147929,0.0867117117117117,0.0,0.0,0.0,0.0,0.0,0.0,0.0,0.0,0.017156862745098,0.0958904109589041,0.0,0.0,0.0,0.0,0.0,0.0,0.0,0.0,0.0,0.0,0.1210691823899371,0.0281535648994515,0.0144032921810699,0.0,0.0,0.0,0.0,0.0,0.0104011887072808,0.0,0.0,0.0
PTBP1_RRM_2_P26599_157_285,0.0,0.1577464788732394,0.0,0.0,0.0,0.0,0.0,0.0411764705882352,0.0,0.0,0.0,0.0,0.0,0.0,0.0,0.0,0.0206692913385826,0.0,0.0,0.0,0.0,0.0,0.0,0.0,0.0050872093023255,0.0,0.0,0.0,0.0,0.0,0.0785413744740533,0.0,0.0148777895855472,0.0271317829457364,0.0
ABL2_SH3__Q9NYB9_444_508,0.0,0.0,0.0,0.0,0.0,0.0,0.0,0.0858895705521472,0.0,0.0,0.0,0.0167464114832535,0.0,0.0,0.0,0.0,0.0346878097125867,0.0,0.0,0.0,0.0,0.0,0.0,0.0,0.0739526411657559,0.0282258064516129,0.0,0.1728395061728395,0.0,0.0,0.0,0.0102489019033674,0.0149892933618843,0.0,0.0
L1RE1_RRM_2_Q9UN81_157_252,0.0,0.0,0.0,0.0,0.0,0.0,0.0,0.0,0.0,0.0,0.0,0.0,0.0,0.0,0.0,0.0,0.0,0.0,0.0,0.0,0.0,0.0,0.0,0.0,0.0,0.0,0.0,0.0,0.0,0.0,0.0,0.0,0.0,0.0,0.0
ARHGAP23_PDZ__Q9P227_39_155,0.0,0.0,0.0482204362801377,0.0,0.0,0.0,0.0,0.0,0.0,0.0,0.0,0.0358056265984654,0.0,0.0,0.0,0.0,0.0,0.0,0.0,0.0,0.0,0.0,0.0,0.0,0.0154525386313465,0.1194029850746268,0.0,0.0,0.0,0.0,0.0309278350515463,0.0,0.0154355016538037,0.0,0.0
MAP1LC3B_ATG8__Q9GZQ8_2_119,0.0,0.0346534653465346,0.0146750524109014,0.0,0.0,0.0,0.0610021786492374,0.0,0.0,0.0,0.0,0.0,0.0,0.0,0.0,0.0,0.3089201877934273,0.0,0.0,0.0,0.0,0.0,0.0,0.0,0.0374866119243127,0.0,0.0,0.0,0.0,0.0,0.0091863517060367,0.0663058186738836,0.0,0.0456026058631921,0.0
GAK_Pkinase-merged__O14976_12_347,0.0,0.0,0.0,0.0,0.0,0.0,0.0,0.0,0.0,0.0,0.0,0.0,0.0,0.0,0.0,0.0,0.0,0.0,0.0,0.0,0.0,0.0,0.0,0.0,0.0,0.0,0.0,0.0,0.0,0.0,0.0,0.0,0.0,0.0,0.0
MDM2_p53-binding-domain__Q00987_17_125,0.0,0.0,0.0082449941107184,0.0,0.0,0.0,0.0,0.0,0.0,0.0,0.0,0.018970189701897,0.0,0.0,0.0,0.0,0.0145833333333333,0.0,0.0,0.0,0.0,0.0,0.0,0.0,0.0051928783382789,0.0,0.0,0.0,0.0,0.0,0.0,0.0,0.0,0.0,0.0
BIN1_SH3__O00499_513_593,0.0,0.0,0.0,0.0,0.2839756592292089,0.0,0.0,0.0,0.0,0.0,0.0,0.0,0.0,0.0,0.0,0.0,0.0,0.0,0.2692307692307693,0.0,0.0,0.0,0.0,0.0,0.0,0.0,0.0,0.0,0.0,0.0,0.0,0.0,0.0,0.0,0.0
Grb2_SH3-SH2__P62993_1_217,0.0,0.022801302931596,0.0,0.0,0.0,0.0,0.0,0.1147540983606557,0.0,0.0,0.0,0.0,0.0,0.0,0.0,0.0,0.0,0.0,0.0,0.0,0.0,0.0,0.0,0.0,0.0232988165680473,0.0153846153846153,0.0,0.0,0.0,0.0,0.0,0.0,0.0,0.0,0.0
FXR2_Agenet-like_12_P51116_13_136,0.0,0.0,0.0,0.0,0.1528384279475982,0.0,0.0,0.0,0.0,0.0,0.0,0.0,0.0,0.0,0.0,0.0,0.0,0.0,0.0,0.0,0.0,0.0,0.0,0.0,0.0,0.0,0.0,0.0,0.0,0.0,0.0,0.0,0.0,0.0,0.0
PARD3B_PDZ_2_Q8TEW8_376_471,0.0,0.0,0.0077177508269018,0.0,0.0,0.0,0.0509708737864077,0.0,0.0,0.0,0.0,0.0163934426229508,0.0,0.0,0.0,0.0,0.0275049115913556,0.0,0.0,0.0,0.0,0.0,0.0,0.0,0.0305010893246187,0.0,0.0,0.0,0.0,0.0,0.1958041958041958,0.0404624277456647,0.0,0.0538461538461538,0.0
BAG3_WW1__O95817_18_56,0.0,0.0567951318458417,0.2281879194630872,0.0,0.0,0.0,0.0766423357664233,0.0227272727272727,0.0,0.0,0.0,0.0373001776198934,0.0,0.0,0.0,0.0,0.0060658578856152,0.0,0.0,0.0,0.0,0.0544747081712062,0.0,0.1504424778761062,0.1477508650519031,0.1201248049921997,0.0,0.0619469026548672,0.0,0.0,0.0,0.109903381642512,0.1621872103799814,0.053030303030303,0.0
RNPS1_RRM__Q15287_159_244,0.0,0.1002865329512894,0.0155728587319243,0.0,0.0,0.0,0.0693069306930693,0.0,0.0,0.0,0.0,0.0167064439140811,0.0,0.0,0.0,0.0,0.0138613861386138,0.0,0.0,0.0,0.0,0.0,0.0,0.0,0.0433357611070648,0.0704225352112676,0.0,0.0,0.0,0.0,0.0792079207920792,0.0102339181286549,0.0374331550802139,0.1666666666666666,0.0
SNX27_FERM__Q96L92_157_525,0.0,0.0,0.0,0.0,0.0,0.0,0.0,0.0,0.0,0.0,0.0,0.0,0.0,0.0,0.0,0.0,0.0,0.0,0.0,0.0,0.0,0.0,0.0,0.0,0.0,0.0,0.5384615384615385,0.0,0.0,0.0,0.0,0.0,0.0,0.0,0.0
DDX1_SPRY__Q92499_72_283,0.0,0.0,0.0,0.0,0.0,0.0,0.0,0.0,0.0,0.0,0.0,0.0,0.0,0.0,0.0,0.0,0.0,0.0,0.0,0.0,0.0,0.0,0.0,0.0,0.0,0.0,0.0,0.0,0.0,0.0,0.0,0.0,0.0,0.0,0.0
EVL_WH1__Q9UI08_1_130,0.0,0.0,0.0477815699658703,0.0,0.0,0.0,0.0,0.0,0.0,0.0,0.0,0.0526315789473684,0.0,0.0,0.0,0.0,0.0,0.0,0.0,0.0,0.0,0.0,0.0,0.0446570972886762,0.0333822450476889,0.0,0.0,0.0,0.0,0.0,0.0101892285298398,0.0105421686746987,0.0076502732240437,0.0,0.0
ASAP1_SH3__Q9ULH1_1070_1128,0.0,0.0,0.0157480314960629,0.0,0.0,0.0,0.0532994923857868,0.0,0.0,0.0,0.0,0.0,0.0,0.0,0.0,0.0,0.028,0.0,0.0,0.0,0.0,0.0679611650485436,0.0,0.0109890109890109,0.0102339181286549,0.028747433264887,0.0,0.0,0.0,0.0,0.0301291248206599,0.0103857566765578,0.0,0.0578512396694214,0.0
SH3RF3_SH3__Q8TEJ3_465_524,0.0,0.0,0.0,0.0,0.0,0.0,0.0179028132992327,0.0927152317880794,0.0,0.0,0.0,0.0,0.0,0.0,0.0,0.0,0.0351053159478435,0.0,0.0,0.0,0.0,0.07,0.0,0.0,0.0256128796194657,0.0289256198347107,0.0,0.0,0.0,0.0,0.0201729106628242,0.0,0.0,0.0,0.0
WHRN_PDZ_2_Q9P202_263_379,0.0,0.0,0.0,0.0,0.0,0.0,0.0,0.0,0.0,0.0,0.0,0.0,0.0,0.0,0.0,0.0,0.0,0.0,0.0,0.0,0.0,0.0,0.0,0.0,0.0,0.0,0.0,0.0,0.0,0.0,0.0,0.0,0.0,0.0,0.5384615384615385
RPAP3___Q9H6T3_265_381,0.0,0.0,0.0,0.0,0.0,0.0,0.0,0.0,0.0,0.0,0.0,0.0,0.0,0.0,0.0,0.0,0.0,0.0,0.0,0.0,0.0,0.0,0.0,0.0,0.0,0.0,0.0,0.0,0.0,0.0,0.0,0.0,0.0,0.0,0.0
RNPC3_RRM_2_Q96LT9_380_517,0.0,0.0,0.0,0.0,0.0,0.0,0.0,0.0,0.0,0.0,0.0,0.0,0.0,0.0,0.0,0.0,0.007063572149344,0.0,0.0,0.0,0.0,0.0,0.0,0.0111464968152866,0.0205353868720205,0.0,0.0,0.0,0.0,0.0,0.0712209302325581,0.1052631578947368,0.0152838427947598,0.0,0.0
UBC_ATG8__P0CG48_1_76,0.0,0.0,0.0,0.0,0.0,0.0,0.0,0.0,0.0,0.0,0.0,0.0,0.0,0.0,0.0,0.0,0.0,0.0,0.0,0.0,0.0,0.0,0.0,0.0,0.0,0.0,0.0,0.0,0.0,0.0,0.0,0.0,0.0,0.0,0.0
MPP7_PDZ__Q5T2T1_120_224,0.0,0.0,0.0,0.0,0.0,0.0,0.0,0.0,0.0,0.0,0.0,0.0,0.0,0.0,0.0,0.0,0.0,0.0,0.0,0.0,0.0,0.0,0.0,0.0,0.0,0.0,0.0,0.0,0.0,0.0,0.0,0.0,0.0,0.0,0.0
STIP1_TPR__P31948_1_118,0.0,0.0,0.0,0.0,0.0,0.0,0.0,0.0,0.0,0.0,0.0,0.0,0.0,0.0,0.0,0.0,0.0,0.0,0.0,0.0,0.0,0.0,0.0,0.0,0.0,0.0,0.0,0.0,0.0,0.0,0.0,0.0,0.0,0.0,0.0
DNAJ_DnaJ__P25685_158_324,0.0,0.0,0.0,0.0,0.0,0.0,0.0,0.0,0.0,0.0,0.0,0.0,0.0,0.0,0.0,0.0,0.0,0.0,0.0,0.0,0.0,0.0,0.0,0.0,0.0,0.0,0.0,0.0,0.0,0.0,0.0,0.0,0.0,0.0,0.0
PPARA_Hormone-recep__Q07869_192_468,0.0,0.0,0.0,0.0,0.0,0.0,0.0,0.0,0.0,0.0921052631578947,0.0,0.0,0.0,0.0,0.0,0.0,0.0,0.0,0.0,0.0,0.0,0.0,0.0,0.0,0.0,0.0,0.0,0.0,0.0,0.0,0.0,0.0,0.0,0.0,0.0
MARF1_RRM_12_Q9Y4F3_789_871,0.0,0.0,0.0,0.0,0.0,0.0,0.0,0.0,0.0,0.0,0.0,0.0,0.0,0.0,0.0,0.0,0.0,0.0,0.0,0.0,0.0921052631578947,0.0,0.0,0.0,0.0,0.0,0.0,0.0,0.0,0.0,0.0,0.0,0.0,0.0,0.0
NEK1_Pkinase-merged__Q96PY6_1_328,0.0,0.0,0.0,0.0,0.0,0.0,0.0,0.0,0.0,0.0,0.0,0.0,0.0,0.0,0.0,0.0,0.0,0.0,0.0,0.0,0.0,0.0,0.0,0.0,0.0,0.0,0.0,0.0,0.0,0.0,0.0,0.0,0.0,0.0,0.0
SMURF2_WW_3_Q9HAU4_295_333,0.0,0.0,0.0490081680280046,0.0,0.0,0.0,0.0,0.0,0.0,0.0,0.0,0.0,0.0,0.0,0.0,0.0,0.0,0.0,0.0,0.0,0.0,0.0,0.0,0.0694214876033058,0.0,0.0153846153846153,0.0,0.0,0.0,0.0,0.0,0.0,0.0,0.0,0.0
TNKS_TANK-peptide-bind__O95271_174_649,0.0,0.0,0.0396375990939977,0.0,0.0,0.0,0.0,0.0,0.0,0.0,0.0,0.0,0.1029411764705882,0.0,0.0,0.0,0.0633802816901408,0.0,0.0,0.0,0.0,0.0,0.0,0.0,0.0025641025641025,0.0,0.0,0.0,0.0,0.0,0.0,0.0,0.0076169749727965,0.059322033898305,0.0
Bub1_TPR__O43683_1_150,0.0,0.0,0.0,0.0,0.0,0.0,0.03954802259887,0.0,0.0,0.0,0.0,0.0,0.0,0.0,0.0,0.0,0.0145833333333333,0.0,0.0,0.0,0.0,0.0,0.0,0.0,0.0,0.0,0.0,0.0,0.0,0.0,0.0,0.0220820189274447,0.0,0.0,0.0
IL16_PDZ_4_Q14005_1203_1332,0.0,0.0,0.0,0.0,0.0,0.0,0.0,0.0,0.0,0.0,0.0,0.0,0.0,0.0,0.0,0.0,0.0,0.0,0.0,0.0,0.0,0.0,0.0,0.0,0.0,0.0,0.0,0.0,0.0,0.0,0.0,0.0,0.0,0.0,0.0
ELAVL1_RRM_3_Q15717_243_326,0.0,0.0,0.0,0.0,0.0,0.0,0.0,0.0,0.0,0.0,0.0,0.0,0.0,0.0,0.0,0.0,0.0,0.0,0.0,0.0,0.0853658536585365,0.0,0.0,0.0,0.0,0.0,0.0,0.0,0.0,0.0,0.0,0.0,0.0,0.0,0.0
PPIA_full-length__P62937_1_165,0.0,0.0,0.0,0.0,0.0,0.0,0.0,0.0,0.0,0.0,0.0,0.0,0.0,0.0,0.0,0.0,0.0754162585700293,0.0,0.0,0.0,0.0,0.1129032258064516,0.0,0.0425531914893617,0.015233949945593,0.0,0.0,0.0,0.0,0.0,0.107242339832869,0.0503597122302158,0.022198731501057,0.0,0.0
PTPN13_PDZ_4_Q12923_1779_1873,0.0,0.0,0.0,0.0,0.0,0.0,0.0,0.0,0.0,0.0,0.0,0.0,0.0,0.0,0.0,0.0,0.0,0.0,0.0,0.0,0.0,0.0,0.0,0.0,0.0,0.0,0.0,0.0,0.0,0.0,0.0,0.0,0.0,0.0,0.0
REVA_Hormone-recep__P20393_281_614,0.0,0.0,0.0,0.0,0.0,0.0,0.0,0.0,0.0,0.0,0.0,0.0,0.0,0.0,0.0,0.0,0.0,0.0,0.0,0.0,0.0,0.0,0.0,0.0,0.0,0.0,0.0,0.0,0.0,0.0,0.0,0.0,0.0,0.0,0.0
ARHGEF7_SH3__Q14155_182_243,0.0,0.0,0.0155728587319243,0.0,0.0,0.0,0.0,0.1707317073170731,0.0,0.0,0.0,0.0334128878281623,0.0,0.0,0.0,0.0,0.0346534653465346,0.0,0.0,0.0,0.0,0.0,0.0,0.0,0.0407865986890021,0.0140845070422535,0.0,0.0853658536585365,0.0,0.0,0.0,0.0,0.0449197860962566,0.0,0.0
NOSTRIN_SH3__Q8IVI9_421_496,0.0,0.0,0.0,0.0,0.0,0.0,0.0,0.25,0.0,0.0,0.0,0.0,0.0,0.0,0.0,0.0,0.0,0.0,0.0,0.0,0.0,0.0,0.0,0.0,0.0308596620132255,0.0443974630021141,0.0,0.1206896551724138,0.0,0.0,0.0,0.0106060606060606,0.0230515916575192,0.0307017543859649,0.0
TOM1L1_VHS__O75674_1_150,0.0,0.0,0.0,0.0,0.0,0.0,0.0,0.0,0.0,0.0,0.0,0.0,0.0,0.0,0.0,0.0,0.0,0.0,0.0,0.0,0.0,0.0,0.0,0.0,0.0,0.0,0.0,0.0,0.0,0.0,0.0,0.0,0.0,0.0,0.0
WDR5_WD_1234567_P61964_21_334,0.0,0.0828402366863905,0.0472972972972973,0.0,0.0,0.0,0.0,0.0,0.0,0.0,0.0,0.0,0.0,0.0,0.0,0.0,0.021021021021021,0.0,0.0,0.0,0.0,0.0,0.0,0.0,0.0179159049360146,0.1296296296296296,0.0,0.0,0.0,0.0,0.0,0.0,0.0,0.0580912863070539,0.0
Intersectin-1_SH3_5_Q15811_1155_1214,0.25,0.0,0.0,0.0,0.0,0.0,0.0,0.0,0.0,0.0,0.0,0.0,0.0,0.0,0.0,0.0,0.0,0.0,0.0,0.0,0.0,0.0,0.0,0.0,0.0,0.0,0.0,0.0,0.0,0.0,0.0,0.0,0.0,0.0,0.0
DOK6_PTB__Q6PKX4_132_237,0.0,0.0,0.0,0.0,0.0,0.0,0.0,0.0,0.0,0.0,0.0,0.0,0.0,0.0,0.0,0.0,0.0,0.0,0.1147540983606557,0.0,0.0,0.0,0.0,0.0,0.0,0.0,0.0,0.0,0.0,0.0,0.0,0.0,0.0,0.0,0.0
CNOT4_RRM-1__O95628_101_198,0.0,0.0,0.0,0.0,0.0,0.0,0.0,0.0,0.0,0.0,0.0,0.0,0.0,0.0,0.0,0.0,0.0,0.0,0.0,0.0,0.0,0.0,0.0,0.0,0.0,0.0,0.0,0.0,0.28,0.0,0.0,0.0,0.0,0.0,0.0
HOMER1_EVH1__Q86YM7_1_163,0.0,0.0,0.0,0.0,0.0,0.0,0.0,0.0,0.0,0.0897435897435897,0.0,0.0,0.0,0.0,0.0,0.0,0.0,0.0,0.0,0.0,0.0,0.0,0.0,0.0,0.0,0.0,0.0,0.0,0.0,0.0,0.0,0.0,0.0,0.0,0.0
PDZD7_PDZ_1_Q9H5P4_82_170,0.0,0.0,0.0,0.0,0.0,0.0,0.0,0.0,0.0,0.0,0.0,0.0,0.0,0.1106719367588932,0.0,0.0,0.0,0.0,0.0,0.0,0.0,0.0,0.0,0.0,0.0,0.0,0.0,0.0,0.0,0.0,0.0,0.0,0.0,0.0,0.0
CBX3_CHROMO-Shadow__Q13185_109_173,0.0,0.0,0.0,0.0,0.0,0.0,0.0,0.0,0.0,0.0,0.0,0.0,0.0,0.0,0.0,0.0,0.0,0.0,0.0,0.0,0.0,0.0,0.0,0.0,0.0,0.0,0.0,0.0,0.0,0.0,0.0,0.0,0.0,0.0,0.0
HTRA2_PDZ__O43464_355_458,0.0,0.0,0.0,0.0,0.0,0.0,0.0,0.0,0.0,0.0,0.0,0.0,0.0,0.097609561752988,0.0,0.0,0.0,0.0,0.0,0.0,0.0,0.0,0.0,0.0,0.0,0.0,0.0,0.0,0.0,0.0,0.0,0.0,0.0,0.0,0.0
PDCD6IP_Alix-V-domain__Q8WUM4_360_702,0.0,0.0,0.0,0.0,0.0,0.0,0.0,0.0,0.0,0.0,0.0,0.0,0.0,0.0,0.2413793103448276,0.0,0.0,0.0,0.0,0.0,0.0,0.0,0.0,0.0,0.0,0.0,0.0,0.0,0.0,0.0,0.0,0.0,0.0,0.0,0.0
SACS_HEPN__Q9NZJ4_4440_4579,0.0,0.0,0.0,0.0,0.0,0.0,0.0,0.0,0.0,0.0,0.0,0.0,0.0,0.0,0.0,0.0,0.0,0.0,0.0,0.0,0.0,0.0,0.0,0.0,0.0,0.0,0.0,0.0,0.0,0.0,0.0,0.011093502377179,0.0,0.0351758793969849,0.0
PCMT_PCMT__P22061_1_227,0.0,0.0,0.0,0.0,0.0,0.0,0.0,0.0,0.0,0.0,0.0,0.0,0.0,0.0,0.0,0.0,0.0,0.0,0.0,0.0,0.0,0.0,0.0,0.0,0.0,0.0,0.0,0.0,0.0,0.0,0.0,0.0,0.0,0.0,0.0
SHC_PH__P29353_149_317,0.0,0.0,0.0162037037037037,0.0,0.0,0.0,0.0,0.0,0.0,0.0,0.0,0.0,0.0,0.0,0.0,0.0,0.0287179487179487,0.0,0.0,0.0,0.0,0.0897435897435897,0.0,0.0571895424836601,0.0,0.0454545454545454,0.0,0.0,0.0,0.0,0.0104166666666666,0.0,0.0077777777777777,0.064516129032258,0.0
IGF2BP2_RRM__Q9Y6M1_2_81,0.0,0.0,0.0,0.0,0.0,0.0,0.0193370165745856,0.0,0.0,0.0,0.0,0.0,0.0,0.0,0.0,0.0,0.0072314049586776,0.0,0.0,0.0,0.0,0.0,0.0,0.0,0.0025887573964497,0.0,0.0,0.0,0.0,0.0,0.0,0.1090342679127726,0.0,0.0,0.0
MED15_KIX__Q96RN5_5_87,0.0,0.0,0.0,0.0,0.0,0.0,0.0,0.0,0.0,0.0,0.0,0.0,0.0,0.0,0.0,0.0,0.0,0.0,0.0,0.0,0.0,0.0,0.0,0.0,0.0,0.0,0.0,0.0,0.0,0.0,0.0,0.0,0.0,0.0,0.0
ENAH_EVH1__Q8N8S7_9_116,0.0,0.0,0.0,0.0,0.0,0.0,0.0,0.0,0.0,0.0,0.0,0.0,0.0,0.0,0.0,0.0,0.0,0.0,0.0,0.0,0.0,0.0,0.0,0.0,0.0,0.0,0.2333333333333333,0.0,0.0,0.0,0.0,0.0,0.0,0.0,0.0
SUFU_SUFU__Q9UMX1_1_484,0.0,0.0,0.0,0.0,0.0,0.0,0.0,0.0,0.0,0.0,0.0,0.0,0.0,0.0,0.0,0.0,0.0,0.0,0.0,0.0,0.0,0.0,0.0,0.0,0.0,0.0,0.0,0.0,0.0,0.0,0.0,0.0,0.0,0.0,0.0
SDCBP2_PDZ_2_Q9H190_187_271,0.0,0.0451612903225806,0.0,0.0,0.0,0.0,0.0,0.0,0.0,0.0,0.0,0.0,0.0,0.0,0.0,0.0,0.0,0.0,0.0,0.0,0.0,0.0,0.0,0.0345394736842105,0.0,0.0,0.0,0.0,0.0,0.0,0.0314371257485029,0.0,0.0,0.0,0.0
RPA_WH-like-DNA-bd-sf__P15927_202_270,0.0,0.0,0.0,0.0,0.0,0.0,0.0,0.0,0.0,0.0,0.0,0.0,0.0,0.1254980079681275,0.0,0.0,0.0,0.0,0.0,0.0,0.0,0.0,0.0,0.0,0.0,0.0,0.0,0.0,0.0,0.0,0.0,0.0,0.0,0.0,0.0
KNL1_RWD__Q8NG31_2116_2337,0.0,0.1083591331269349,0.0080183276059564,0.0,0.0,0.0,0.0,0.0507246376811594,0.0,0.0,0.0,0.0,0.0,0.0,0.0,0.0,0.0142276422764227,0.0,0.0,0.0,0.0,0.0,0.0,0.0,0.0308823529411764,0.0,0.0,0.0,0.0,0.0,0.0,0.0106382978723404,0.0308030803080308,0.0,0.0
KPNA4_Arm__O00629_68_487,0.0,0.0,0.0,0.0,0.0,0.0,0.0,0.0,0.4313330648409182,0.0,0.0,0.0,0.0,0.0,0.0,0.0,0.0,0.0,0.0,0.0,0.0,0.0,0.0,0.0,0.0,0.0,0.0,0.0,0.0,0.0,0.0,0.0,0.0,0.0,0.0
APBA3_PDZ_2_O96018_482_569,0.0,0.0,0.0,0.0,0.0306345733041575,0.0,0.0,0.0,0.0,0.0,0.0,0.0,0.0,0.0,0.0,0.0,0.0,0.0,0.0,0.0,0.0,0.0,0.0,0.0,0.0,0.0,0.0,0.0,0.0,0.0,0.0,0.0,0.0,0.0,0.0
MAD2L1_HORMA__Q13257_1_205,0.0,0.0,0.0,0.0,0.0,0.411764705882353,0.0,0.0,0.0,0.0,0.0,0.0,0.0,0.0,0.0,0.0,0.0,0.0,0.0,0.0,0.0,0.0,0.0,0.0,0.0,0.0,0.0,0.0,0.0,0.0,0.0,0.0,0.0,0.0,0.0
SPRED2_EVH1__Q7Z698_1_124,0.0,0.0,0.0,0.0,0.0,0.0,0.0,0.0,0.0,0.0,0.0,0.0,0.0,0.0,0.0,0.0,0.0072765072765072,0.0,0.0,0.0,0.0,0.0,0.0,0.0,0.0077835433654558,0.0155902004454342,0.0,0.0,0.0,0.0,0.0,0.0330188679245283,0.0,0.0,0.0
FYN_SH3__P06241_88_135,0.0,0.0179487179487179,0.0,0.0,0.0,0.0,0.0,0.2048780487804878,0.0,0.0,0.0,0.0304347826086956,0.0,0.0,0.0,0.0,0.0133206470028544,0.0,0.0,0.0,0.0,0.0,0.0,0.0508720930232558,0.110513096519555,0.0130111524163568,0.0,0.0,0.0,0.0,0.0,0.0096551724137931,0.1290983606557377,0.0238907849829351,0.0
VPS29___Q9UBQ0_1_182,0.0,0.0,0.0,0.0,0.0,0.0,0.0,0.0,0.0,0.0,0.0,0.0,0.0,0.0,0.0,0.0,0.0,0.0,0.0,0.0,0.0,0.0,0.0,0.0,0.0,0.0,0.0,0.0,0.0,0.0,0.0,0.0,0.0,0.0,0.0
MOB1A_phocein__Q9H8S9_33_216,0.0,0.0,0.0,0.0,0.0,0.0,0.0,0.0,0.0,0.0,0.0,0.0,0.0,0.0,0.0,0.0,0.0,0.0,0.0,0.0,0.0,0.0,0.0,0.0,0.0,0.0,0.0,0.0,0.0,0.0,0.0,0.0,0.0,0.0,0.0
NELFE_RRM__P18615_244_343,0.0,0.0,0.0,0.0,0.0,0.0,0.0,0.0,0.0,0.0,0.0,0.0,0.0,0.0,0.0,0.0,0.0,0.0,0.0,0.0,0.0921052631578947,0.0,0.0,0.0,0.0,0.0,0.0,0.0,0.0,0.0,0.0,0.0,0.0,0.0,0.0
KLC1_TPR__Q07866_203_497,0.0,0.0,0.0,0.0,0.0,0.0,0.0,0.0,0.0,0.0,0.0,0.0,0.0,0.0,0.0,0.0,0.0,0.0,0.0,0.0,0.0,0.0,0.0,0.0,0.0,0.0,0.0,0.0,0.0,0.0,0.0,0.0,0.0,0.0,0.0
CSKP_Pkinase__O14936_1_340,0.0,0.0,0.0,0.0,0.0,0.0,0.0320366132723112,0.0,0.0,0.0,0.0,0.0464601769911504,0.0,0.0,0.0,0.0,0.0201342281879194,0.0,0.0,0.0,0.0,0.1438356164383561,0.0,0.0411764705882352,0.0680100755667506,0.0,0.0,0.0,0.0,0.0,0.0,0.0488145048814504,0.0361570247933884,0.0491228070175438,0.0
PATJ_PDZ_2_Q8NI35_238_335,0.0,0.0,0.0,0.0,0.0,0.0,0.0,0.0,0.0,0.0,0.0,0.0,0.0,0.0,0.0,0.0,0.0,0.0,0.0,0.0,0.0,0.0,0.0,0.0,0.0,0.0,0.0,0.0,0.0,0.0,0.0,0.0,0.0,0.0,0.0
DOK1_PTB__Q99704_151_256,0.0,0.0,0.0,0.0,0.0,0.0,0.0,0.0,0.1649137568363483,0.0,0.0,0.0,0.0,0.0,0.0,0.0,0.0,0.0,0.0,0.0,0.0,0.0,0.0,0.0,0.0,0.0,0.0,0.0,0.0,0.0,0.0,0.0,0.0,0.0,0.0
WWP2_WW_WW2_O00308_276_366,0.0,0.0,0.008225616921269,0.0,0.0,0.0,0.0,0.0,0.0,0.0,0.0,0.0,0.0,0.0,0.0,0.0,0.0,0.0,0.0,0.0,0.0,0.0,0.0,0.0701168614357262,0.0,0.0155902004454342,0.0,0.0,0.0,0.0,0.0,0.0,0.0,0.0,0.0
SRP54_SRP54__P61011_1_296,0.0,0.0,0.0,0.0,0.0460526315789473,0.0,0.0,0.0,0.0,0.0,0.0,0.0,0.0,0.0,0.0,0.0,0.0,0.0,0.0,0.0,0.0,0.0,0.0,0.0,0.0,0.0,0.0,0.0,0.0,0.0,0.0,0.0,0.0,0.0,0.0
SNX17_FERM__Q15036_109_388,0.0,0.0,0.0,0.0,0.0,0.0,0.0,0.0,0.0,0.0,0.0,0.0,0.0,0.0,0.0,0.0,0.0,0.0,0.0,0.0,0.0,0.0,0.0,0.0,0.0,0.0,0.0,0.0,0.0,0.0,0.0,0.0,0.0,0.0,0.0
TAX1BP3_PDZ__O14907_7_124,0.0,0.0,0.0,0.0,0.0,0.0,0.0,0.0,0.0,0.0,0.0,0.0,0.0,0.0,0.0,0.0,0.0,0.0,0.0,0.0,0.0,0.0,0.0,0.0,0.0,0.0,0.0,0.0,0.0,0.0,0.0,0.0,0.0,0.0,0.0
DDX6___P26196_293_483,0.0,0.1329113924050633,0.0,0.0,0.0,0.0,0.0,0.0,0.0,0.0,0.0,0.0,0.0,0.0,0.0,0.0,0.0,0.0,0.0,0.0,0.0,0.0,0.0,0.011400651465798,0.0025801695539992,0.0,0.0,0.0,0.0,0.0,0.0103857566765578,0.0,0.0,0.0,0.0
ATG5___Q9H1Y0_1_275,0.0,0.0,0.0,0.0,0.0,0.0,0.0,0.0,0.0,0.0,0.0,0.0,0.0,0.0,0.0,0.0,0.0,0.0,0.0,0.0,0.0,0.0,0.0171149144254278,0.0,0.0,0.0,0.0,0.0,0.0,0.0,0.0,0.0,0.0,0.0,0.0
Intersectin-1_SH3_2_Q15811_913_971,0.0,0.022875816993464,0.0,0.0,0.0,0.0,0.0,0.0,0.0,0.0,0.0,0.0,0.0,0.0,0.0,0.0,0.0,0.0,0.0,0.0,0.0,0.0,0.0,0.0,0.0129485756566777,0.0154185022026431,0.0,0.0,0.0,0.0,0.0105421686746987,0.0109204368174727,0.0,0.0,0.0
FNBP3-PRPF40A_WW_1_O75400_138_176,0.0,0.0838323353293413,0.0,0.0,0.0,0.0,0.0,0.1879194630872483,0.0,0.0,0.0,0.0173267326732673,0.0,0.0,0.0,0.0,0.0281407035175879,0.0,0.0,0.0,0.0,0.0,0.0,0.0110759493670886,0.0128158183815452,0.0,0.0,0.0,0.0,0.0,0.0,0.0209267563527653,0.0,0.0,0.0
SUMO1_SUMO__P63165_1_101,0.0,0.0,0.0,0.0,0.0,0.0,0.0,0.0,0.0,0.0,0.0,0.0376344086021505,0.0,0.0,0.0,0.0,0.0,0.0,0.0,0.0,0.0,0.0,0.0,0.0,0.0025935531678399,0.0,0.0,0.0,0.0,0.0,0.0636363636363636,0.0,0.0,0.0,0.0
IL16_PDZ_1_Q14005_210_306,0.0,0.0408163265306122,0.0156774916013437,0.0,0.0,0.0,0.0,0.0,0.0,0.0,0.0,0.0,0.0,0.0,0.0,0.0,0.0418326693227091,0.0,0.0,0.0,0.0,0.0,0.0,0.0327613104524181,0.0153284671532846,0.0,0.0,0.0,0.0,0.0,0.0499286733238231,0.0103244837758112,0.007534983853606,0.0,0.0
NEDD9_SH3_1_Q14511_5_64,0.0,0.0,0.0,0.0,0.0915032679738562,0.0,0.0,0.0,0.0,0.0,0.0,0.0,0.0,0.0,0.0,0.0,0.0,0.0,0.0573770491803278,0.0,0.0,0.0,0.0,0.0,0.0,0.0,0.0,0.0,0.0,0.0,0.0,0.0,0.0,0.0,0.0
AHNAK2_PDZ__Q8IVF2_108_193,0.0,0.0,0.0,0.0,0.0,0.0,0.0,0.0,0.0,0.0,0.0,0.0,0.0,0.1359223300970873,0.0,0.0,0.0,0.0,0.0,0.0,0.0,0.0,0.0,0.0,0.0,0.0,0.0,0.0,0.0,0.0,0.0,0.0,0.0,0.0,0.0
GGA3_VHS__Q9NZ52_1_166,0.0,0.0,0.0,0.0,0.0,0.0,0.0,0.0,0.0,0.0,0.0,0.0,0.0,0.0,0.0,0.0,0.0,0.0,0.0,0.0,0.0,0.0,0.2263279445727483,0.0,0.0,0.0,0.0,0.0,0.0,0.0,0.0,0.0,0.0,0.0,0.0
HYPB(SETD2)_WW__Q9BYW2_2387_2425,0.0,0.0,0.0,0.0,0.0,0.0,0.0,0.0,0.0,0.0,0.0,0.0542635658914728,0.0,0.0,0.0,0.0,0.0429447852760736,0.0,0.0,0.0,0.0,0.0,0.0,0.0,0.0232129697862932,0.0,0.0,0.0,0.0,0.0,0.0103703703703703,0.0,0.0155038759689922,0.0636363636363636,0.0
CRK_SH3_2_P46108_235_296,0.0,0.0,0.0,0.0,0.0,0.0,0.0,0.0,0.0,0.0,0.0,0.0,0.0,0.0,0.0,0.0,0.0,0.0,0.0,0.0,0.2957746478873239,0.0,0.0,0.0,0.0,0.0,0.0,0.0,0.0,0.0,0.0,0.0,0.0,0.0,0.0
DYNLL1_EB__P63167_1_89,0.0,0.0,0.0,0.0,0.0,0.0,0.0586592178770949,0.0,0.0,0.0,0.0,0.0,0.0,0.0,0.0,0.0,0.0,0.0,0.0,0.0,0.0,0.0,0.0,0.0232945091514143,0.0,0.0,0.0,0.0,0.0,0.0,0.0,0.0438871473354232,0.0078740157480314,0.0,0.0
TIA1_RRM_1_P31483_1_92,0.0,0.0,0.0,0.0,0.0,0.0,0.0,0.0,0.0,0.0,0.0,0.0,0.0,0.1257485029940119,0.0,0.0,0.0,0.0,0.0,0.0,0.0,0.0,0.0,0.0,0.0,0.0,0.0,0.0,0.0,0.0,0.0,0.0,0.0,0.0,0.0
U2AF2_RRM_2_P26368_258_342,0.0,0.0,0.0,0.0,0.0,0.0,0.0,0.0,0.0,0.0,0.0,0.0,0.0,0.0,0.0,0.0,0.0,0.0,0.0,0.0,0.0,0.0,0.0,0.0,0.0,0.0,0.0,0.0,0.0,0.0,0.0,0.0,0.0,0.0,0.0
PPIE_Cyclophilin-type-PPIase__Q9UNP9_138_301,0.0,0.0,0.0363825363825363,0.0,0.0,0.0,0.0299785867237687,0.0308370044052863,0.0,0.0,0.0,0.0290456431535269,0.0,0.0,0.0,0.0,0.1565703634669152,0.0,0.0,0.0,0.0,0.0397727272727272,0.0,0.0591549295774647,0.0523317906728373,0.0,0.0,0.0,0.0,0.0,0.1545454545454545,0.0468540829986613,0.0210420841683366,0.0666666666666666,0.0
AXIN1_RGS__O15169_80_211,0.0,0.0,0.0,0.0,0.0,0.0,0.0,0.0,0.0,0.0,0.0,0.0,0.0,0.0,0.0,0.0,0.0,0.0,0.0,0.0,0.0,0.0,0.0,0.0,0.0,0.0,0.0,0.0,0.0,0.0,0.0,0.0,0.0,0.0,0.0
WWC1_WW_1_Q8IX03_4_42,0.0,0.0,0.128440366972477,0.0,0.0,0.0,0.1114058355437665,0.0,0.0,0.0,0.0,0.0,0.0,0.0,0.0,0.0,0.0,0.0,0.0,0.0,0.0,0.0,0.0,0.0677419354838709,0.0,0.0148936170212765,0.0,0.0,0.0,0.0,0.0,0.0,0.0,0.0,0.0
LASP1_SH3__Q14847_205_261,0.0,0.0,0.0081775700934579,0.0,0.0,0.0,0.0193905817174515,0.0,0.0,0.0,0.0,0.0,0.0,0.0,0.0,0.0,0.0,0.0,0.0,0.0,0.0,0.0,0.0,0.0,0.0051794302626711,0.0462555066079295,0.0,0.0,0.0,0.0,0.0,0.0,0.0,0.0,0.0
NEDD4L3_WW_WW3_Q96PU5_493_533,0.0,0.0175879396984924,0.1181434599156118,0.0,0.0,0.0,0.0927152317880794,0.0,0.0,0.0,0.0,0.1495726495726496,0.0,0.0,0.0,0.0,0.0,0.0,0.0,0.0,0.0,0.0,0.0,0.1206896551724138,0.0876565295169946,0.0384615384615384,0.0,0.0,0.0,0.0,0.0185185185185185,0.1050477489768076,0.0355691056910569,0.0697674418604651,0.0
SPOP_MATH__O43791_19_176,0.0,0.1806451612903226,0.0239316239316239,0.0,0.0,0.0,0.0725925925925926,0.0,0.0,0.0,0.0,0.0608695652173913,0.0,0.0,0.0,0.0,0.5683060109289618,0.0,0.0,0.0,0.0,0.0182291666666666,0.0,0.0457516339869281,0.1809744779582366,0.13671875,0.0,0.0396600566572238,0.0,0.0,0.0858895705521472,0.0146596858638743,0.1334991708126036,0.0803059273422562,0.0
NEDD8_ATG8__Q15843_1_76,0.0,0.0,0.0,0.0,0.0,0.0,0.0,0.0,0.0,0.0,0.0,0.0,0.0,0.0,0.0,0.0,0.0,0.0,0.0,0.0,0.0,0.0,0.0,0.0,0.0,0.0,0.0,0.0,0.0,0.0,0.0,0.0,0.0,0.0,0.0
WAC_WW__Q9BTA9_127_165,0.0,0.1292307692307692,0.0,0.0,0.0,0.0,0.0,0.0,0.0,0.0,0.0,0.0,0.0,0.0,0.0,0.0,0.0141987829614604,0.0,0.0,0.0,0.0,0.0786516853932584,0.0,0.0674157303370786,0.0051432770022042,0.0,0.0,0.0,0.0,0.0,0.0,0.0212121212121212,0.0076838638858397,0.0307017543859649,0.0
PPIB_Peptidyl-prolyl-cis-trans-isomerase-B__P23284_35_216,0.0,0.0,0.0079006772009029,0.0,0.0,0.0,0.0179028132992327,0.0,0.0,0.0,0.0,0.0517241379310344,0.0,0.0,0.0,0.0,0.0070210631895687,0.0,0.0,0.0,0.0,0.0,0.0,0.0220820189274447,0.0281741675814123,0.0144628099173553,0.0,0.0,0.0,0.0,0.0504322766570605,0.1356184798807749,0.0,0.0,0.0
PTEN___P60484_1_403,0.0,0.0,0.0,0.0,0.0,0.0,0.0,0.0,0.0,0.0,0.0,0.0,0.0,0.0,0.0,0.0,0.0,0.0,0.0,0.0,0.0,0.0,0.0509708737864077,0.0,0.0,0.0,0.0,0.0,0.0,0.0,0.0,0.0,0.0,0.0,0.0
VASP_EVH1__P50552_1_114,0.0,0.0,0.0,0.0,0.0,0.0,0.0,0.0,0.0,0.0,0.0696517412935323,0.0,0.0,0.0,0.0,0.0,0.0,0.0,0.0,0.0,0.0,0.0,0.0,0.0,0.0,0.0,0.0,0.0,0.0,0.0,0.0,0.0,0.0,0.0,0.0
USP7_MATH-TRAF__Q93009_53_206,0.0,0.0517970401691331,0.0982620320855615,0.0,0.0,0.0,0.0909090909090909,0.0091984231274638,0.0,0.0,0.0,0.0482283464566929,0.0,0.0,0.0,0.0,0.2047293092719352,0.0,0.0,0.0,0.0,0.0,0.0,0.0618971061093247,0.1779838468441519,0.3903107861060329,0.0,0.0206185567010309,0.0,0.0,0.4616564417177914,0.1038251366120218,0.0137075718015665,0.2391048292108362,0.0
FNBP1L_SH3__Q5T0N5_538_599,0.0,0.0746666666666666,0.0,0.0,0.0,0.0,0.0,0.2210526315789474,0.0,0.0,0.0,0.0314606741573033,0.0,0.0,0.0,0.0,0.0067567567567567,0.0,0.0,0.0,0.0,0.0503597122302158,0.0,0.0936106983655274,0.0631313131313131,0.0,0.0,0.0648148148148148,0.0,0.0,0.0859481582537517,0.0098591549295774,0.0437044745057232,0.0,0.0
MAGI1_PDZ_3_Q96QZ7_638_725,0.0,0.0,0.0,0.0,0.0,0.0,0.0,0.0,0.0,0.0,0.0,0.0,0.0,0.0,0.0,0.0,0.0,0.0,0.0,0.0,0.0,0.0,0.0981308411214953,0.0,0.0,0.0,0.0,0.0,0.0,0.0,0.0,0.0,0.0,0.0,0.0
WWP2_WW_WW1_O00308_279_336,0.0,0.0,0.0950226244343891,0.0,0.0,0.0,0.1079691516709511,0.0,0.0,0.0,0.0,0.0,0.0,0.0,0.0,0.0,0.0,0.0,0.0,0.0,0.0,0.0,0.0,0.0664556962025316,0.0,0.0435684647302904,0.0,0.0,0.0,0.0,0.0202312138728323,0.1046337817638266,0.0,0.0295358649789029,0.0
MOSPD2_MPS__Q8NHP6_282_490,0.0,0.0,0.0,0.0,0.0,0.0,0.0,0.0,0.0,0.0,0.0,0.0,0.0,0.0,0.0,0.0,0.0,0.5,0.0,0.0,0.0,0.0,0.0,0.0,0.0,0.0,0.0,0.0,0.0,0.0,0.0,0.0,0.0,0.0,0.0
FMR1_KH_1_Q06787_215_280,0.0,0.0,0.0,0.0,0.0,0.0,0.0,0.0,0.0,0.0,0.0,0.0,0.0,0.0,0.0,0.0,0.0,0.0,0.0,0.411764705882353,0.0,0.0,0.0,0.0,0.0,0.0,0.0,0.0,0.0,0.0,0.0,0.0,0.0,0.0,0.0
CD2BP2_GYF__O95400_256_341,0.0,0.0904392764857881,0.0,0.0,0.0,0.0,0.0316742081447963,0.0693069306930693,0.0,0.0,0.0,0.0306345733041575,0.1721311475409836,0.0,0.0,0.0,0.0200381679389313,0.0,0.0,0.0,0.0,0.0,0.0,0.0408759124087591,0.0905172413793103,0.0,0.0,0.0,0.0,0.0,0.0281879194630872,0.0,0.0647482014388489,0.0724137931034482,0.0
IRS1_PTB__P35568_157_267,0.0,0.0,0.0,0.0,0.0,0.0,0.0,0.0,0.0,0.0,0.0,0.0,0.0,0.0,0.0,0.0,0.0,0.0,0.0,0.0,0.0,0.0,0.0,0.0,0.0,0.0,0.0,0.0,0.0,0.1590909090909091,0.0,0.0,0.0,0.0,0.0
SDCBP_PDZ_2_O00560_196_272,0.0,0.0,0.0,0.0,0.0,0.0,0.0,0.0,0.0,0.0,0.0,0.0,0.0,0.1111111111111111,0.0,0.0,0.0,0.0,0.0,0.0,0.0,0.0,0.0,0.0,0.0,0.0,0.0,0.0,0.0,0.0,0.0,0.0,0.0,0.0,0.0
CEP55_EABR__Q53EZ4_160_217,0.0,0.0,0.0411280846063454,0.0,0.0,0.0,0.0,0.0,0.0,0.0,0.0,0.0,0.0,0.0,0.0,0.0,0.0,0.0,0.0,0.0,0.0,0.0,0.0,0.023372287145242,0.0025945144551519,0.0,0.0,0.0,0.0,0.0,0.0,0.0,0.0,0.0,0.0
FXR1_Agenet-like_12_P51114_2_122,0.0,0.0,0.0,0.0,0.1483050847457627,0.0,0.0,0.0,0.0,0.0,0.0,0.0,0.0,0.0,0.0,0.0,0.0,0.0,0.0,0.0,0.0,0.0,0.0,0.0,0.0,0.0,0.0,0.0,0.0,0.0,0.0,0.0,0.0,0.0,0.0
AP2B1_adaptin__P63010_700_937,0.0,0.0,0.0,0.0,0.0149572649572649,0.0,0.0,0.0,0.0,0.0,0.0,0.0,0.0,0.0,0.0,0.0,0.0,0.0,0.0534351145038167,0.0,0.0,0.0,0.0,0.0,0.0,0.0,0.0,0.0,0.0,0.0,0.0,0.0,0.0,0.0,0.0
NEDD4_WW_3_P46934_838_876,0.0,0.0655737704918032,0.2221084953940634,0.0,0.0,0.0,0.0290456431535269,0.0,0.0,0.0,0.0,0.1830985915492957,0.0,0.0,0.0,0.0,0.0064338235294117,0.0,0.0,0.0,0.0,0.0366492146596858,0.0,0.1062068965517241,0.1239376770538243,0.0365217391304347,0.0,0.0875,0.0,0.0,0.0178343949044585,0.0,0.0760118460019743,0.0424242424242424,0.0
PCBP1_KH_3_Q15365_279_356,0.0,0.0,0.0,0.0,0.0,0.0,0.0,0.0,0.0,0.0,0.0,0.0,0.0,0.0,0.0,0.0,0.0,0.0,0.0,0.0,0.0,0.0,0.0,0.0,0.0,0.0,0.0,0.0,0.0,0.0,0.0,0.0,0.0,0.0,0.0
NEDD4L1_WW_WW1_Q96PU5_198_229,0.0,0.0,0.1375545851528384,0.0,0.0,0.0,0.0997624703087886,0.0,0.0,0.0,0.0,0.0321100917431192,0.0,0.0,0.0,0.0,0.0,0.0,0.0,0.0,0.0,0.0538461538461538,0.0,0.1159638554216867,0.0532030401737242,0.0272373540856031,0.0,0.0,0.0,0.0,0.0,0.0898716119828816,0.0220588235294117,0.0,0.0
SORBS2_SH3_1_O94875_866_921,0.0,0.0,0.0070281124497991,0.0,0.0,0.0,0.1676646706586826,0.0,0.0,0.0,0.0,0.0135658914728682,0.0,0.0,0.0,0.0,0.006323396567299,0.0,0.0,0.0,0.0,0.0,0.0,0.0,0.0295462539570875,0.0,0.0,0.0,0.0,0.0,0.1218905472636816,0.0358514724711907,0.0067829457364341,0.0200573065902578,0.0
EZR_FERM_1_P15311_2_295,0.0,0.0184696569920844,0.0856269113149847,0.0,0.0,0.0,0.068880688806888,0.0122164048865619,0.0,0.0,0.0,0.0084541062801932,0.0,0.0,0.0,0.0,0.0345313601127554,0.0,0.0,0.0,0.0,0.0,0.0,0.0,0.0332805071315372,0.2240618101545253,0.0,0.0,0.0,0.0,0.0878136200716846,0.2689844464775846,0.0260416666666666,0.1059001512859304,0.0
GAS7_WW__O60861_75_113,0.0,0.0,0.0569767441860465,0.0,0.0,0.0,0.0191780821917808,0.0,0.0,0.0,0.0,0.0,0.0,0.0,0.0,0.0,0.0,0.0,0.0,0.0,0.0,0.0,0.0,0.069078947368421,0.0,0.0152838427947598,0.0,0.0,0.0,0.0,0.0,0.0,0.0,0.0328638497652582,0.0
PABPC1_RRM__P11940_185_278,0.0,0.0,0.0,0.0,0.0,0.0,0.0,0.0,0.0,0.0,0.0,0.0,0.0,0.0,0.0,0.0,0.0,0.0,0.0,0.0,0.0,0.0,0.0,0.0,0.0,0.0,0.0,0.0,0.0,0.0,0.0,0.0,0.0,0.0,0.0
EPS15_EH__P42566_121_215,0.0,0.1408045977011494,0.0,0.0,0.0,0.0,0.0173697270471464,0.4294478527607362,0.0,0.0,0.0,0.0669856459330143,0.0,0.0,0.0,0.0,0.0138751238850346,0.0,0.0,0.0,0.0,0.0,0.0,0.0,0.0153005464480874,0.0987903225806451,0.0,0.0,0.0,0.0,0.0,0.0102489019033674,0.0299785867237687,0.0557768924302788,0.0
TJP1_PDZ_1_Q07157_14_113,0.0,0.0,0.0,0.0,0.0,0.0,0.0,0.0,0.0,0.0,0.0,0.0,0.0,0.0,0.0,0.0,0.0,0.0,0.0,0.0,0.0,0.0,0.0,0.035,0.0051871063356798,0.0,0.0,0.0,0.0,0.0,0.0318181818181818,0.0,0.0078828828828828,0.0,0.0
FGFR1_Pkinase__P11362_458_765,0.0,0.0,0.0,0.0,0.0,0.0,0.0,0.0,0.0,0.0,0.0,0.0,0.0,0.0,0.0,0.0,0.0,0.0,0.0,0.0,0.0,0.0,0.0,0.0,0.0,0.0,0.0,0.0,0.0,0.0,0.0,0.0,0.0,0.0,0.0
BAIAP2_SH3__Q9UQB8_374_437,0.0,0.0,0.0,0.0,0.0,0.0,0.0,0.0,0.0,0.0,0.0,0.0,0.0,0.0,0.0,0.0,0.0,0.0,0.0,0.0,0.0,0.0,0.0169902912621359,0.0,0.0,0.0,0.0,0.0,0.0,0.0,0.0,0.0,0.0,0.0,0.0
KC1D_Pkinase__P48730_1_294,0.0,0.0,0.0,0.0,0.0,0.0,0.0,0.0,0.0,0.0,0.0,0.0,0.0,0.0,0.0,0.0,0.0,0.0,0.0,0.0,0.0,0.0,0.0,0.0,0.0,0.0,0.0,0.0,0.0,0.0,0.0,0.0,0.0,0.0,0.0
ELOB_Elongin-B__Q15370_1_118,0.0,0.0,0.0,0.0,0.0,0.0,0.0,0.0,0.0,0.0,0.0,0.0,0.0,0.0,0.0,0.0,0.0,0.0,0.0,0.0,0.0,0.0,0.0,0.0,0.0,0.0,0.0,0.0,0.0,0.0,0.0,0.0,0.0,0.0,0.0
TLN1_PTB__Q9Y490_309_401,0.0,0.0,0.0,0.0,0.0,0.0,0.0,0.0,0.0,0.0,0.0,0.0,0.0,0.0,0.0,0.0,0.0071721311475409,0.0,0.0,0.0,0.0,0.0,0.0,0.0,0.0335545722713864,0.0,0.0,0.0,0.0,0.0,0.0208023774145616,0.0538461538461538,0.0,0.0,0.0
Intersectin-1_SH3_3_Q15811_1002_1060,0.0,0.0,0.0,0.0,0.0,0.0,0.0,0.0,0.0,0.0,0.0,0.0,0.0,0.0,0.0,0.0,0.0067437379576107,0.0,0.0,0.0,0.0,0.0,0.0,0.0622222222222222,0.0050468637346791,0.0533333333333333,0.0,0.0,0.0,0.0,0.0857142857142857,0.0098314606741573,0.0,0.025,0.0
WHRN_PDZ_3_Q9P202_813_904,0.0,0.0,0.0,0.0,0.0,0.0,0.0,0.0,0.0,0.0,0.0,0.0176767676767676,0.0,0.0,0.0,0.0,0.0,0.0,0.0,0.0,0.0,0.0,0.0,0.0,0.0179948586118251,0.0,0.0,0.0,0.0,0.0,0.1432748538011695,0.0,0.0076754385964912,0.0,0.0
TNS4_SH2__Q8IZW8_439_566,0.0,0.0,0.0,0.0,0.0,0.0,0.0,0.0,0.0,0.0,0.0,0.0,0.0,0.0,0.0,0.0,0.0,0.0,0.0,0.0,0.0,0.0,0.0,0.0,0.0,0.0,0.0,0.0,0.0,0.0,0.0,0.0,0.0,0.0,0.0
DLG2_PDZ_2_Q15700_189_283,0.0,0.0,0.0,0.0,0.0,0.0,0.0,0.0,0.0,0.0,0.0,0.0,0.0,0.0,0.0,0.0,0.0,0.0,0.0,0.0,0.0,0.0,0.0,0.0,0.0,0.0,0.0,0.0,0.0,0.0,0.0,0.0,0.0,0.0,0.0
ACBD3_GOLD__Q9H3P7_364_528,0.0,0.0,0.0,0.0,0.0,0.0,0.0,0.0,0.0,0.0,0.0,0.0,0.0,0.0,0.0,0.0,0.0,0.0,0.0,0.0,0.0,0.0,0.0,0.0,0.0,0.0,0.0,0.0,0.0,0.0,0.0,0.0,0.0,0.0,0.0
TJP1_PDZ_3_Q07157_415_516,0.0,0.0,0.0,0.0,0.0,0.0,0.0,0.0,0.0,0.0,0.0,0.0,0.0,0.0,0.0,0.0,0.0215384615384615,0.0,0.0,0.0,0.0,0.0,0.0,0.0,0.0258207303578015,0.0,0.0,0.0,0.0,0.0,0.0208333333333333,0.0107858243451463,0.0388888888888888,0.0,0.0
RBM39_RRM-3__Q14498_419_530,0.0,0.0,0.0,0.0,0.0,0.0,0.0,0.0,0.0,0.0,0.0,0.0,0.0,0.0,0.0,0.0,0.0,0.0,0.0,0.0,0.0,0.0,0.0686274509803921,0.0,0.0,0.0,0.0,0.0,0.0,0.0,0.0,0.0,0.0,0.0,0.0
CBX5_CHROMO-Shadow__P45973_109_173,0.0,0.0,0.0,0.0,0.0,0.0,0.0,0.0,0.0,0.0,0.0,0.0,0.0,0.0,0.0,0.0,0.0,0.0,0.0,0.0,0.0,0.0,0.1029411764705882,0.0,0.0,0.0,0.0,0.0,0.0,0.0,0.0,0.0,0.0,0.0,0.0
PPP1CC___P36873__,0.0,0.0,0.0,0.0,0.0,0.0,0.0,0.282258064516129,0.0,0.0,0.0,0.0,0.0,0.0,0.0,0.0,0.0072164948453608,0.0,0.0,0.0,0.0,0.0,0.0,0.0,0.0103473762010347,0.0153172866520787,0.0,0.0,0.0,0.0,0.0,0.0,0.0,0.0330188679245283,0.0
PRKAR2A_RILA__P13861_1_45,0.0,0.0,0.0,0.0,0.0,0.0,0.0,0.0,0.0,0.0,0.0,0.0,0.0,0.0,0.0,0.0,0.0,0.0,0.0,0.0,0.0,0.0,0.0171990171990172,0.0,0.0,0.0,0.0,0.0,0.0,0.0,0.0,0.0,0.0,0.0,0.0
ITCH_WW_1_Q96J02_324_362,0.0,0.0648148148148148,0.235234215885947,0.0,0.0,0.0,0.1006160164271047,0.0,0.0,0.0,0.0,0.1394422310756972,0.0,0.0,0.0,0.0,0.0,0.0,0.0,0.0,0.0,0.1428571428571428,0.0,0.1150684931506849,0.0915517850830682,0.0362068965517241,0.0,0.0848484848484848,0.0,0.0,0.0,0.0821382007822685,0.068762278978389,0.1044776119402985,0.0
MPDZ_PDZ_11_O75970_1722_1810,0.0,0.0,0.0,0.0,0.0,0.0,0.0,0.0,0.0,0.0,0.0,0.0,0.0,0.0,0.0,0.0,0.0,0.0,0.0,0.0,0.0,0.0,0.0,0.0,0.0,0.0,0.0,0.0,0.0,0.0,0.0,0.0,0.0,0.0,0.0
MK13_Pkinase-merged__O15264_1_352,0.0,0.0230263157894736,0.0081967213114754,0.0,0.0,0.0,0.0194986072423398,0.0,0.0,0.0,0.0,0.0,0.0,0.0,0.0,0.0,0.0072538860103626,0.0,0.0,0.0,0.0,0.0,0.0,0.0,0.0129581636430951,0.0,0.0,0.0,0.0,0.0,0.0,0.0,0.0157303370786516,0.0,0.0
Intersectin-1_SH3_1_Q15811_740_806,0.0,0.0,0.0070993914807302,0.0,0.0,0.0,0.0,0.0278884462151394,0.0,0.0,0.0,0.0,0.0,0.0,0.0,0.0,0.0,0.0,0.0,0.0,0.0,0.0,0.0,0.0,0.0049417578538651,0.047945205479452,0.0,0.0,0.0,0.0,0.008816120906801,0.0,0.2465753424657534,0.0,0.0
SPTA1_SH3__P02549_977_1036,0.0,0.0,0.0,0.0,0.0,0.0,0.0,0.1272727272727273,0.0,0.0,0.0,0.0132075471698113,0.0,0.0,0.0,0.0,0.0,0.0,0.0,0.0,0.0,0.0,0.0,0.0,0.0098004900245012,0.0460526315789473,0.0,0.0,0.0,0.0,0.0342298288508557,0.0,0.2609942638623327,0.0,0.0
DMD_WW-EF__P11532_3055_3088,0.0,0.0,0.0080552359033371,0.0,0.0,0.0,0.0187165775401069,0.0,0.0,0.0,0.0,0.0539845758354755,0.0,0.0,0.0,0.0,0.0,0.0,0.0,0.0,0.0,0.0,0.0,0.1247974068071312,0.018041237113402,0.0299785867237687,0.0,0.0,0.0,0.0,0.0,0.010703363914373,0.0,0.0,0.0
NEDD4L4_WW_WW4_Q96PU5_546_584,0.0,0.0188172043010752,0.1670281995661605,0.0,0.0,0.0,0.0327868852459016,0.0,0.0,0.0,0.0,0.0316742081447963,0.0,0.0,0.0,0.0,0.0,0.0,0.0,0.0,0.0,0.0514705882352941,0.0,0.1253731343283582,0.0682556879739978,0.0403846153846153,0.0,0.0,0.0,0.0,0.0,0.0,0.0584551148225469,0.0254545454545454,0.0
SA111_2-x-EF-hand__P31949_5_105,0.0,0.0,0.0,0.0,0.0,0.0,0.0,0.0,0.0,0.0,0.0,0.0,0.0,0.0,0.0,0.0,0.0,0.0,0.0,0.0,0.0,0.0,0.0,0.0,0.0,0.0,0.0,0.0,0.0,0.0,0.0,0.0,0.0,0.0,0.0
PTK2_Focal-AT__Q05397_891_1050,0.1458333333333333,0.0,0.0,0.0,0.0,0.0,0.0,0.0,0.0,0.0,0.0,0.0,0.0,0.0,0.0,0.0,0.0,0.0,0.0,0.0,0.0,0.0,0.0,0.0,0.0,0.0,0.0,0.0,0.0,0.0,0.0,0.0,0.0,0.0,0.0
HTATSF1_RRM_2_O43719_260_353,0.0,0.0,0.0,0.0,0.0,0.0,0.0,0.0,0.0,0.0,0.0,0.0,0.0,0.0,0.0,0.0,0.0073068893528183,0.0,0.0,0.0,0.0,0.0,0.0,0.0,0.0,0.0,0.0,0.0,0.0,0.0,0.0,0.0110759493670886,0.0,0.07,0.0
GIGYF1_GYF__O75420_448_540,0.0,0.0,0.0,0.0,0.0,0.0,0.0,0.0,0.0,0.0,0.0,0.0,0.0,0.0,0.0,0.0,0.0,0.0,0.0,0.0,0.0,0.0,0.0,0.0,0.0,0.0,0.0,0.0,0.0,0.0,0.0,0.0,0.0,0.0,0.7272727272727274
TTK_TRP__P33981_55_210,0.0,0.0,0.0,0.0,0.0,0.0,0.0,0.0,0.0,0.0,0.0,0.0,0.0,0.0,0.0,0.0,0.0,0.0,0.0,0.0,0.0,0.0,0.0,0.0,0.0,0.0,0.0,0.0,0.0,0.0,0.0,0.0,0.0,0.0,0.0
SF1_Hormone-recep__Q13285_221_461,0.0,0.0,0.0,0.0,0.0,0.0,0.0,0.0,0.0,0.0,0.0,0.0,0.0,0.0,0.0,0.0,0.0,0.0,0.0,0.0,0.0,0.0,0.0,0.0,0.0,0.0,0.0,0.0,0.0,0.0,0.0,0.0,0.0,0.0,0.0
TERF1_Myb-like__P54274_371_439,0.0,0.0,0.0,0.0,0.0,0.0,0.0,0.0,0.0,0.0,0.0,0.0,0.0,0.0,0.0,0.0,0.0,0.0,0.0,0.0,0.0,0.0,0.0,0.0,0.0,0.0,0.0,0.0,0.0,0.0,0.0,0.0,0.0,0.0,0.0
SIPA1L3_PDZ__O60292_959_1043,0.0,0.0,0.0,0.0,0.0,0.0,0.0,0.0,0.0,0.0,0.0,0.0,0.0,0.1117764471057884,0.0,0.0,0.0,0.0,0.0,0.0,0.0,0.0,0.0,0.0,0.0,0.0,0.0,0.0,0.0,0.0,0.0,0.0,0.0,0.0,0.0
YAP1_WW_1_P46937_169_207,0.0,0.0657276995305164,0.2223360655737705,0.0,0.0,0.0,0.1018711018711018,0.0,0.0,0.0,0.0,0.2399193548387096,0.0434782608695652,0.0,0.0,0.0,0.0,0.0,0.0,0.0,0.0,0.0368421052631579,0.0,0.1256906077348066,0.0991852639036486,0.0121951219512195,0.0,0.0880503144654088,0.0,0.0,0.0267857142857142,0.0,0.0484189723320158,0.0425531914893617,0.0
ARHGAP27_WW_1_Q6ZUM4_244_282,0.0,0.0,0.0,0.0,0.0,0.0,0.0,0.0,0.0,0.0,0.0,0.0362694300518134,0.0,0.0,0.0,0.0,0.0358239508700102,0.0,0.0,0.0,0.0,0.0,0.0,0.0,0.0361223737559896,0.0,0.0,0.0,0.0,0.0,0.0,0.0,0.0155210643015521,0.0,0.0
USP8_Rhodanese__P40818_174_317,0.0,0.0,0.0,0.0,0.0,0.0,0.0,0.0,0.0,0.0,0.0,0.0,0.0,0.0,0.0,0.3888888888888889,0.0,0.0,0.0,0.0,0.0,0.0,0.0,0.0,0.0,0.0,0.0,0.0,0.0,0.0,0.0,0.0,0.0,0.0,0.0
TOM1L2_VHS__Q6ZVM7_1_153,0.0,0.0,0.0,0.0,0.0,0.0,0.0,0.0,0.0,0.0,0.0,0.0,0.0,0.0,0.0,0.0,0.0,0.0,0.0,0.0,0.0,0.0,0.0,0.0,0.0,0.0,0.0,0.0,0.0,0.0,0.0,0.0,0.0,0.0,0.0
ACTN1_EF_12_P12814_746_822,0.0,0.0,0.0,0.0,0.0,0.0,0.0,0.0,0.5593354430379747,0.0,0.0,0.0,0.0,0.0,0.0,0.0,0.0,0.0,0.0,0.0,0.0,0.0,0.0,0.0,0.0,0.0,0.0,0.0,0.0,0.0,0.0,0.0,0.0,0.0,0.0
CRK_SH3_1_P46108_124_198,0.0,0.0,0.0,0.0,0.0,0.0,0.0,0.0,0.0,0.0,0.0,0.0732217573221757,0.0,0.0,0.0,0.0,0.019644527595884,0.0,0.0,0.0,0.0,0.0406976744186046,0.0,0.0099150141643059,0.0748663101604278,0.0503597122302158,0.0,0.0,0.0,0.0,0.0,0.0094212651413189,0.028169014084507,0.022508038585209,0.0
ITCH_WW_4_Q96J02_476_514,0.0,0.0703517587939698,0.1772151898734177,0.0,0.0,0.0,0.0927152317880794,0.0,0.0,0.0,0.0,0.1645299145299145,0.0,0.0,0.0,0.0,0.0,0.0,0.0,0.0,0.0,0.0,0.0,0.1307471264367816,0.0776386404293381,0.0512820512820512,0.0,0.1068702290076335,0.0,0.0,0.0,0.0,0.056910569105691,0.0232558139534883,0.0
Intersectin-1_SH3_4_Q15811_1074_1138,0.1228070175438596,0.0,0.0,0.0769230769230769,0.0,0.0,0.0,0.0,0.0,0.0,0.0,0.0,0.0,0.0,0.0,0.0,0.0,0.0,0.0,0.0,0.0,0.0,0.0,0.0,0.0,0.0,0.0,0.0,0.0,0.0,0.0,0.0,0.0,0.0,0.0
FNBP1_SH3__Q96RU3_555_611,0.0,0.0858895705521472,0.0,0.0,0.0,0.0,0.0,0.0,0.0,0.0,0.0,0.0,0.0,0.0,0.0,0.0,0.0070921985815602,0.0,0.0,0.0,0.0,0.0,0.0,0.0336538461538461,0.0385604113110539,0.0,0.0,0.1186440677966101,0.0,0.0,0.0204678362573099,0.010590015128593,0.0307017543859649,0.0,0.0
SIN3A_PAH__Q96ST3_295_383,0.0,0.0,0.0,0.0,0.0,0.0,0.0,0.0,0.0,0.0,0.0,0.0173267326732673,0.0,0.0,0.0,0.0,0.0140703517587939,0.0,0.0,0.0,0.0,0.0,0.0,0.0,0.0205053094104723,0.1452282157676348,0.0,0.0,0.0,0.0,0.0,0.0104633781763826,0.0,0.0,0.0
PATJ_PDZ_1_Q8NI35_113_229,0.0,0.0,0.0,0.0,0.0308370044052863,0.0,0.0,0.0,0.0,0.0,0.0,0.0,0.0,0.0,0.0,0.0,0.0,0.0,0.0,0.0,0.0,0.0,0.0,0.0,0.0,0.0,0.0,0.0,0.0,0.0,0.0,0.0,0.0,0.0,0.0
WWP2_WW_WW4_O00308_436_480,0.0,0.0392156862745098,0.1080485115766262,0.0,0.0,0.0,0.0339805825242718,0.0406976744186046,0.0,0.0,0.0,0.0327868852459016,0.0,0.0,0.0,0.0,0.0,0.0,0.0,0.0,0.0,0.0,0.0,0.0641221374045801,0.0711692084241103,0.0138613861386138,0.0,0.0,0.0,0.0,0.0,0.0,0.0519618239660657,0.0269230769230769,0.0
MK03_Pkinase__P27361_1_379,0.0,0.0,0.0,0.0,0.0,0.0,0.0,0.0,0.0,0.0,0.0,0.0,0.0,0.0,0.0,0.0,0.0,0.0,0.0,0.0,0.0,0.0,0.0,0.0,0.0,0.0,0.0,0.0,0.0,0.0,0.0,0.0,0.0,0.0,0.0
SNX27_PDZ__Q96L92_40_141,0.0,0.0,0.0,0.0,0.0,0.0,0.0,0.0,0.0,0.0,0.0,0.0,0.0,0.0,0.0,0.0,0.0577319587628866,0.0,0.0,0.0,0.0,0.0958904109589041,0.0,0.0,0.0103473762010347,0.0,0.0,0.0,0.0,0.0,0.0,0.0326086956521739,0.0,0.0,0.0
TERF1_TRF__P54274_58_268,0.0,0.0,0.0,0.0,0.0,0.0,0.018970189701897,0.0,0.0,0.0,0.0,0.0364583333333333,0.0,0.0,0.0,0.0,0.0,0.0,0.0,0.0,0.0,0.0,0.0,0.0,0.0387310955367023,0.0151515151515151,0.0,0.0,0.0,0.0,0.0104166666666666,0.0,0.0,0.0,0.0
WWOX_WW_2_Q9NZC7_57_91,0.0,0.0924092409240924,0.0,0.0,0.0,0.0,0.0,0.0,0.0,0.0,0.0,0.0187667560321715,0.0,0.0,0.0,0.0,0.0,0.0,0.0,0.0,0.0,0.0,0.0,0.0,0.0129629629629629,0.0,0.0,0.0,0.0,0.0,0.0,0.0,0.0,0.0,0.0
PUF_RNA-recognition-motif-domain__Q9UHX1_460_559,0.0,0.0,0.0,0.0,0.0,0.0,0.0,0.0,0.0,0.0,0.0,0.0,0.0,0.0,0.0,0.0,0.0,0.0,0.0,0.0,0.0,0.0,0.3144208037825059,0.0,0.0,0.0,0.0,0.0,0.0,0.0,0.0,0.0,0.0,0.0,0.0
SPSB1_SPRY__Q96BD6_30_231,0.0,0.0,0.0,0.0,0.0,0.0,0.0,0.0,0.0,0.0,0.0,0.0,0.0,0.0,0.0,0.0,0.0,0.0,0.0,0.0,0.0,0.0,0.0517241379310344,0.0,0.0,0.0,0.0,0.0,0.0,0.0,0.0,0.0,0.0,0.0,0.0
CELF2_RRM_3_O95319_416_508,0.0,0.2175141242937853,0.0,0.0,0.0,0.0,0.0,0.0,0.0,0.0,0.0,0.0495283018867924,0.0,0.0,0.0,0.0,0.0275862068965517,0.0,0.0,0.0,0.0,0.0,0.0,0.0,0.0127226463104325,0.0697211155378486,0.0,0.0,0.0,0.0,0.0,0.1523947750362844,0.0819148936170212,0.0272373540856031,0.0
PPP1CA_4-Layer-Sandwich-Purple-Acid-Phosphatase__P62136_1_300,0.0,0.0,0.007,0.0,0.0,0.0,0.0,0.0,0.0,0.0,0.0,0.0,0.0756756756756756,0.0,0.0,0.0,0.1638163816381638,0.0,0.0,0.0,0.0,0.0,0.0,0.0093582887700534,0.0614682121531436,0.1872909698996655,0.0,0.0,0.0,0.0,0.0173267326732673,0.1961783439490446,0.081081081081081,0.0793201133144476,0.0
SCRIB_PDZ_1_Q14160_718_814,0.0,0.0,0.0,0.0,0.0,0.0,0.0,0.0,0.0,0.0,0.0,0.0,0.0,0.0,0.0,0.0,0.0,0.0,0.0,0.0,0.0,0.0,0.0506024096385542,0.0,0.0,0.0,0.0,0.0,0.0,0.0,0.0,0.0,0.0,0.0,0.0
UBED2_UQ-con__P62837_1_147,0.0,0.0,0.0,0.0,0.0,0.0,0.0,0.0,0.0,0.0,0.0,0.0,0.0,0.0,0.0,0.0,0.0,0.0,0.0,0.0,0.0,0.0,0.0,0.0,0.0,0.0,0.0,0.0,0.0,0.0,0.0,0.0,0.0,0.0,0.0
U2AF_RRM_3_P26368_372_475,0.0,0.0,0.0,0.0,0.0,0.0,0.0,0.0,0.0,0.0,0.0,0.0,0.0,0.0,0.0,0.0,0.0,0.0,0.0,0.0,0.0,0.0,0.0,0.0,0.0,0.0,0.0,0.0,0.0,0.0,0.0,0.0,0.0,0.0,0.0
AURKA_Pkinase-merged__O14965_125_391,0.0,0.0,0.0,0.0,0.0,0.0,0.0,0.0,0.0,0.0,0.0,0.0,0.0,0.0,0.0,0.0,0.0,0.0,0.0,0.0,0.0,0.0,0.0,0.0,0.0,0.0,0.0,0.0,0.0,0.0,0.0,0.0,0.0,0.0,0.0
SNR1_RRM-1__P09012_1_99,0.0,0.0,0.0,0.0,0.0,0.0,0.0,0.0,0.0,0.0,0.0,0.0,0.0,0.0,0.0,0.0,0.0,0.0,0.0,0.0,0.0,0.0,0.0,0.0,0.0,0.0,0.0,0.0,0.0,0.0,0.0,0.0,0.0,0.0,0.0
STAM_SH3_1_Q92783_214_268,0.0,0.0,0.0,0.0,0.0,0.0,0.0,0.0,0.0,0.0,0.0,0.0,0.0,0.0,0.0,0.0,0.0,0.0,0.0,0.0,0.2876712328767123,0.0,0.0,0.0,0.0,0.0,0.0,0.0,0.0,0.0,0.0,0.0,0.0,0.0,0.0
CLTC_Clathrin-propeller__Q00610_1_364,0.0,0.0,0.0,0.0,0.0607375271149674,0.0,0.0,0.0,0.0,0.0,0.0,0.0,0.0,0.0,0.0,0.0,0.0,0.0,0.0,0.0,0.0,0.0,0.0,0.0,0.0,0.0,0.0,0.0,0.0,0.0,0.0,0.0,0.0,0.0,0.0
RanBP2_PH-Ran-BP1__P49792_2901_3050,0.0,0.0,0.0,0.0,0.0,0.0,0.0,0.0,0.0,0.0,0.0,0.0187667560321715,0.0,0.0,0.0,0.0,0.0072614107883817,0.0,0.0,0.0,0.0,0.0,0.0,0.0,0.0181481481481481,0.0,0.0,0.0,0.0,0.0,0.0,0.0,0.0078740157480314,0.0,0.0
PATJ_PDZ_3_Q8NI35_359_469,0.0,0.0459016393442623,0.0,0.0,0.0,0.0,0.0,0.0,0.0,0.0,0.0,0.0,0.0,0.0,0.0,0.0,0.0,0.0,0.0,0.0,0.0,0.0,0.0,0.0348258706467661,0.005181347150259,0.0,0.0,0.0,0.0,0.0,0.0316742081447963,0.0,0.0078563411896745,0.0,0.0
SRRM1_PW1__Q8IYB3_27_134,0.0,0.0,0.0,0.0,0.0,0.0,0.0,0.0,0.0,0.0,0.0,0.0,0.0,0.0,0.0,0.0,0.0,0.0,0.0,0.0,0.0,0.0,0.128440366972477,0.0,0.0,0.0,0.0,0.0,0.0,0.0,0.0,0.0,0.0,0.0,0.0
SHANK2_PDZ__Q9UPX8_239_346,0.0,0.0,0.0,0.0,0.0,0.0,0.0,0.0,0.0,0.0,0.0,0.0,0.0,0.0,0.0,0.0,0.0,0.0,0.0,0.0,0.0,0.0,0.0,0.0,0.0,0.0,0.0,0.0,0.0,0.0,0.0,0.0,0.0,0.0,0.0
PCBP2_KH_3_Q15366_285_359,0.0,0.0,0.0,0.0,0.0,0.0,0.0,0.0,0.0,0.0875,0.0,0.0,0.0,0.0,0.0,0.0,0.0,0.0,0.0,0.0,0.0,0.0,0.0,0.0,0.0,0.0,0.0,0.0,0.0,0.0,0.0,0.0,0.0,0.0,0.0
ERBIN_PDZ__Q96RT1_1314_1412,0.0,0.0,0.0,0.0,0.0,0.0,0.0,0.0,0.0,0.0,0.0,0.0,0.0,0.1106719367588932,0.0,0.0,0.0,0.0,0.0,0.0,0.0,0.0,0.0,0.0,0.0,0.0,0.0,0.0,0.0,0.0,0.0,0.0,0.0,0.0,0.0
NEDD4L2_WW_WW2_Q96PU5_383_421,0.0,0.0360824742268041,0.1119402985074626,0.0,0.0,0.0,0.0948081264108352,0.0,0.0,0.0,0.0,0.1069868995633187,0.0,0.0,0.0,0.0,0.0,0.0,0.0,0.0,0.0,0.0460526315789473,0.0,0.1224489795918367,0.0728904847396768,0.0391791044776119,0.0,0.0,0.0,0.0,0.0093833780160857,0.0968188105117565,0.0574948665297741,0.0240549828178694,0.0
MOSP3_MSP_1_O75425_29_146,0.0,0.0,0.0,0.0,0.0,0.0,0.0,0.0,0.0,0.0,0.0,0.0,0.0,0.0,0.0,0.0,0.0,0.7777777777777778,0.0,0.0,0.0,0.0,0.0,0.0,0.0,0.0,0.0,0.0,0.0,0.0,0.0,0.0,0.0,0.0,0.0
RAN1_PH__P43487_39_170,0.0,0.0,0.0,0.0,0.0,0.0,0.0,0.0,0.0,0.0,0.0,0.0,0.0,0.0,0.0,0.0,0.0,0.0,0.0,0.0,0.0,0.0,0.1189320388349514,0.0,0.0,0.0,0.0,0.0,0.0,0.0,0.0,0.0,0.0,0.0,0.0
TARDBP_RRM_12_Q13148_96_269,0.0,0.0,0.0,0.0,0.0,0.0,0.0,0.0,0.0,0.0,0.0,0.0,0.0,0.0,0.0,0.0,0.0,0.0,0.0,0.0,0.0843373493975903,0.0,0.0,0.0,0.0,0.0,0.0,0.0,0.0,0.0,0.0,0.0,0.0,0.0,0.0
HSP90AA1_NR3C1-interacting_1_P07900_9_236,0.0,0.0,0.0,0.0,0.0,0.0,0.0,0.0,0.0,0.0,0.0,0.0,0.0,0.0,0.0,0.0,0.0,0.0,0.0,0.0,0.0,0.0,0.0676328502415458,0.0,0.0,0.0,0.0,0.0,0.0,0.0,0.0,0.0,0.0,0.0,0.0
EIF4E_eIF4E__P06730_1_217,0.0,0.0,0.0,0.0,0.0,0.0,0.0,0.0,0.0,0.0,0.0,0.0,0.0,0.0,0.0,0.0,0.0,0.0,0.0,0.0,0.0,0.0,0.0,0.0,0.0,0.0,0.0,0.0,0.0,0.0,0.0,0.0,0.0,0.0,0.0
GCNF_Hormone-recep__Q15406_216_480,0.0,0.0,0.0,0.0,0.0,0.0,0.0,0.0,0.0,0.0,0.0,0.0,0.0,0.0,0.0,0.0,0.0,0.0,0.0,0.0,0.0,0.0,0.0,0.0,0.0,0.0,0.0,0.0,0.0,0.0,0.0,0.0,0.0,0.0,0.0
VCP_AAA__P55072_473_648,0.0,0.0,0.0,0.0,0.0,0.0,0.0,0.0,0.0,0.0,0.0,0.0,0.0,0.0,0.0,0.0,0.0,0.0,0.0,0.0,0.0,0.0,0.0,0.0,0.0,0.0,0.0,0.0,0.0,0.0,0.0,0.0,0.0,0.0,0.0
HOMER3_EVH1__Q9NSC5_1_118,0.0,0.0,0.0080091533180778,0.0,0.0,0.0,0.0,0.0,0.0,0.0,0.0,0.0177664974619289,0.0,0.0,0.0,0.0,0.0213197969543147,0.0,0.0,0.0,0.0,0.0,0.0,0.0562700964630225,0.0128629180448364,0.0,0.0,0.0,0.0,0.0,0.0102639296187683,0.0106221547799696,0.0846153846153846,0.0,0.0
GABARAPL1_ATG8__Q9H0R8_2_115,0.0,0.0,0.0529157667386609,0.0,0.0,0.0,0.0812064965197215,0.0,0.0,0.0,0.0,0.0,0.0,0.0,0.0,0.0,0.2295081967213115,0.0,0.0,0.0,0.0,0.0,0.0,0.0,0.0176703930760908,0.0,0.0,0.0,0.0,0.0,0.0286103542234332,0.0098452883263009,0.0,0.0,0.0
SYNJ2BP_PDZ__P57105_6_103,0.0,0.0,0.022875816993464,0.0,0.0,0.0,0.0496453900709219,0.0382513661202185,0.0,0.0,0.0,0.0,0.0,0.0,0.0,0.0,0.0340136054421768,0.0,0.0,0.0,0.0,0.0,0.0,0.0,0.0177215189873417,0.0,0.0,0.0,0.0,0.0,0.1928374655647383,0.0,0.0146750524109014,0.051660516605166,0.0
MPDZ_PDZ_2_O75970_246_342,0.0,0.0,0.0,0.0,0.0,0.0,0.0,0.0,0.0,0.0,0.0,0.0,0.0,0.0,0.0,0.0,0.0,0.0,0.0,0.0,0.0,0.0,0.0,0.0,0.0,0.0,0.0,0.0,0.0,0.0,0.0,0.0,0.0,0.0,0.0
PDZD2_PDZ_5_O15018_2611_2718,0.0,0.023489932885906,0.0,0.0,0.0,0.0,0.0,0.0,0.0,0.0,0.0,0.0,0.0,0.0,0.0,0.0,0.0,0.0,0.0,0.0,0.0,0.0,0.0,0.0,0.0,0.0,0.0,0.0,0.0,0.0,0.0320121951219512,0.0,0.007918552036199,0.0,0.0
SPIRE1_KIND__Q08AE8_40_231,0.0,0.0,0.0,0.0,0.0,0.0,0.0,0.0,0.0,0.0,0.0,0.0,0.0,0.0,0.0,0.0,0.0,0.0,0.0,0.0,0.0,0.0,0.0,0.0,0.0,0.0,0.0,0.0,0.0,0.0,0.0,0.0,0.0,0.0,0.0
DLG3_PDZ_2_Q92796_222_314,0.0,0.0,0.0,0.0,0.0,0.0,0.0,0.0,0.0,0.0,0.0,0.0,0.0,0.1124497991967871,0.0,0.0,0.0,0.0,0.0,0.0,0.0,0.0,0.0,0.0,0.0,0.0,0.0,0.0,0.0,0.0,0.0,0.0,0.0,0.0,0.0
NKTR_Pro-Isomerase__P30414_7_179,0.0,0.0,0.0158910329171396,0.0,0.0,0.0,0.0,0.0,0.0,0.0,0.0,0.0,0.0,0.0,0.0,0.0,0.0282258064516129,0.0,0.0,0.0,0.0,0.1473684210526316,0.0,0.0111287758346581,0.0461876832844574,0.0,0.0,0.0,0.0,0.0,0.0,0.0105105105105105,0.0229007633587786,0.0,0.0
WWP1_WW_2_Q9H0M0_379_417,0.0,0.0,0.0568445475638051,0.0,0.0,0.0,0.0953678474114441,0.0,0.0,0.0,0.0,0.0,0.0,0.0,0.0,0.0,0.0,0.0,0.0,0.0,0.0,0.0,0.0,0.0688524590163934,0.0,0.0152173913043478,0.0,0.0,0.0,0.0,0.0,0.0,0.0,0.0,0.0
BTK_SH3_1_Q06187_217_273,0.0,0.0,0.0,0.0,0.0,0.0,0.0,0.0,0.0,0.0,0.0,0.0,0.0,0.0,0.0,0.0,0.0,0.0,0.0,0.0,0.0,0.0,0.0,0.0,0.0,0.0,0.0,0.0,0.0,0.0,0.0,0.0,0.0,0.0,0.0
SIPA1L1_PDZ__O43166_946_1030,0.0,0.0,0.0,0.0,0.0,0.0,0.0,0.0,0.0,0.0,0.0,0.0,0.0,0.0,0.0,0.0,0.0,0.0,0.0,0.0,0.0,0.0,0.0,0.0,0.0,0.0,0.0,0.0,0.0,0.0,0.0,0.0,0.0,0.0,0.0
PPARC_Hormone-recep__P37231_233_505,0.0,0.0,0.0,0.0,0.0,0.0,0.0,0.0,0.0,0.0843373493975903,0.0,0.0,0.0,0.0,0.0,0.0,0.0,0.0,0.0,0.0,0.0,0.0,0.0,0.0,0.0,0.0,0.0,0.0,0.0,0.0,0.0,0.0,0.0,0.0,0.0
PEX14_Pex14__O75381_16_84,0.0,0.0,0.026615969581749,0.0,0.0,0.0,0.0,0.0,0.0,0.0,0.0,0.0,0.0295358649789029,0.0,0.0,0.0,0.0240756663800515,0.0,0.0,0.0,0.0,0.0,0.0,0.00875,0.0362193859951707,0.0323076923076923,0.0,0.0,0.0,0.0,0.0,0.066905615292712,0.1286764705882353,0.0345679012345679,0.0
FRS2_PTB__Q8WU20_8_136,0.0,0.0,0.0,0.0,0.0,0.0,0.0,0.0,0.0,0.0,0.0,0.0,0.0,0.0,0.0,0.0,0.0,0.0,0.0,0.0,0.0,0.0,0.0,0.0,0.0,0.0,0.0,0.0,0.0,0.0,0.0,0.0,0.0,0.0,0.0
GEF_Sec7__Q9Y6D5_639_829,0.0,0.0,0.0,0.0,0.0,0.0,0.0,0.0,0.0,0.0,0.0,0.0,0.0,0.0,0.0,0.0,0.0,0.0,0.0,0.0,0.0,0.0,0.0,0.0,0.0,0.0,0.0,0.0,0.0,0.0,0.0,0.0,0.0,0.0,0.0
SPEN_RRM_234_Q96T58_335_620,0.0,0.0,0.0,0.0,0.0,0.0,0.0,0.0,0.0,0.0,0.0,0.0172413793103448,0.0,0.0,0.0,0.0,0.0280842527582748,0.0,0.0,0.0,0.0,0.0,0.0,0.0,0.0256128796194657,0.1012396694214876,0.0,0.0,0.0,0.0,0.0,0.1564828614008942,0.0,0.0,0.0
SRSF1___Q07955_1_248,0.0,0.0,0.0,0.0,0.0,0.0,0.0,0.0,0.0,0.0,0.0,0.0,0.0,0.0,0.0,0.0,0.0,0.0,0.0,0.0,0.0,0.0,0.0,0.0,0.0,0.0,0.0,0.0,0.0,0.0,0.0,0.0,0.0,0.0,0.0
IGF2BP3_RRM_1-and-2_O00425_1_161,0.0,0.0,0.0,0.0,0.0461538461538461,0.0,0.0,0.0,0.0,0.0,0.0,0.0,0.0,0.0,0.0,0.0,0.0,0.0,0.0,0.0,0.0,0.0,0.0,0.0,0.0,0.0,0.0,0.0,0.0,0.0,0.0,0.0,0.0,0.0,0.0
YAP1_WW_2_P46937_228_266,0.0,0.0866336633663366,0.2421383647798742,0.0,0.0,0.0,0.0915032679738562,0.0,0.0,0.0,0.0,0.0886075949367088,0.0503597122302158,0.0,0.0,0.0,0.0,0.0,0.0,0.0,0.0,0.0416666666666666,0.0,0.1096866096866097,0.082470546233488,0.0253623188405797,0.0,0.0,0.0,0.0,0.0,0.0,0.0707070707070707,0.0,0.0
MK08_Pkinase__P45983_1_363,0.0,0.0,0.0,0.0,0.0,0.0,0.0,0.0,0.0,0.0,0.0,0.0,0.0,0.0,0.0,0.0,0.0,0.0,0.0,0.0,0.0,0.0,0.0,0.0,0.0,0.0,0.0,0.0,0.0,0.175,0.0,0.0,0.0,0.0,0.0
ARHGEF11_PDZ__O15085_41_123,0.0,0.0,0.0,0.0,0.0307017543859649,0.0,0.0,0.0,0.0,0.0,0.0,0.0,0.0,0.0,0.0,0.0,0.0,0.0,0.0,0.0,0.0,0.0,0.0,0.0,0.0,0.0,0.0,0.0,0.0,0.0,0.0,0.0,0.0,0.0,0.0
NEDD4_WW_4_P46934_890_928,0.0,0.070528967254408,0.2587117212249208,0.0,0.0,0.0,0.0464601769911504,0.0,0.0,0.0,0.0,0.0749464668094218,0.0,0.0,0.0,0.0,0.0,0.0,0.0,0.0,0.0,0.0434782608695652,0.0,0.1107913669064748,0.0776664280601288,0.0385321100917431,0.0,0.0,0.0,0.0,0.0,0.0,0.0640895218718209,0.0233333333333333,0.0
CNKSR3_PDZ__Q6P9H4_203_303,0.0,0.0,0.0,0.0,0.0,0.0,0.0,0.0,0.0,0.0,0.0,0.0,0.0,0.0,0.0,0.0,0.0,0.0,0.0,0.0,0.0,0.0,0.0,0.0,0.0,0.0,0.0,0.0,0.0,0.0,0.0,0.0,0.0,0.0,0.0
CSK21_Pkinase__P68400_1_335,0.0,0.0,0.0,0.0,0.0,0.0,0.0,0.0,0.0,0.0,0.0,0.0,0.0,0.0,0.0,0.0,0.0,0.0,0.0,0.0,0.0,0.0,0.0,0.0,0.0,0.0,0.0,0.0,0.0,0.0,0.0,0.0,0.0,0.0,0.0
GGA2_VHS__Q9UJY4_24_172,0.0,0.0,0.0,0.0,0.0,0.0,0.0358056265984654,0.0,0.0,0.0,0.0,0.0,0.0,0.0,0.0,0.0,0.0140421263791374,0.0,0.0,0.0,0.0,0.0,0.0,0.0,0.0230515916575192,0.0,0.0,0.0,0.0,0.0,0.0,0.0104321907600596,0.1366594360086768,0.0,0.0
SACS_Ub__Q9NZJ4_2_85,0.0,0.0,0.0,0.0,0.0,0.0,0.0,0.0,0.0,0.0,0.0,0.0,0.0,0.0,0.0,0.0,0.0,0.0,0.0,0.0,0.0,0.0,0.0,0.0,0.0,0.0,0.0,0.0,0.0,0.0,0.0,0.0,0.0,0.0,0.0
SP2_NIF-FCP1-dom__O14595_90_271,0.0,0.0,0.0,0.0,0.0,0.0,0.0,0.0,0.0,0.0,0.0,0.0,0.0,0.0,0.0,0.0,0.0,0.0,0.0,0.0,0.0,0.0,0.0,0.0,0.0,0.0,0.0,0.0,0.0,0.0,0.0,0.0,0.0,0.0,0.0
HCFC1_KELCH__P51610_30_320,0.0,0.0,0.0,0.0,0.0,0.0,0.0,0.0,0.0,0.0,0.0,0.0,0.0,0.0,0.3684210526315789,0.0,0.0,0.0,0.0,0.0,0.0,0.0,0.0,0.0,0.0,0.0,0.0,0.0,0.0,0.0,0.0,0.0,0.0,0.0,0.0
EIF3B_RRM__P55884_172_274,0.0,0.0,0.0,0.0,0.0,0.0,0.0,0.0,0.0,0.0,0.0,0.0,0.0,0.0,0.0,0.0,0.0,0.0,0.0,0.0,0.0,0.0,0.0,0.0,0.0,0.0,0.0,0.0,0.0,0.0,0.0,0.0,0.0,0.0,0.2592592592592592
SHROOM3_PDZ__Q8TF72_21_113,0.0,0.0,0.0,0.0,0.0,0.0,0.0,0.0,0.0,0.0,0.0,0.0,0.0,0.1113320079522862,0.0,0.0,0.0,0.0,0.0,0.0,0.0,0.0,0.0,0.0,0.0,0.0,0.0,0.0,0.0,0.0,0.0,0.0,0.0,0.0,0.0
CREBBP_KIX__Q92793_587_673,0.0,0.0,0.0,0.0,0.0,0.0,0.0,0.0,0.0,0.0,0.0,0.0,0.0,0.0,0.0,0.0,0.0,0.0,0.0,0.0,0.0,0.0,0.0,0.0,0.0,0.0,0.0,0.0,0.0,0.0,0.0,0.0,0.0,0.0,0.0
TXNL4A___P83876_1_142,0.0,0.0,0.0,0.0,0.0,0.0,0.0,0.0,0.0,0.0,0.0,0.0,0.0,0.0,0.0,0.0,0.0145530145530145,0.0,0.0,0.0,0.0,0.0,0.0,0.0,0.0051890289103039,0.0,0.0,0.0,0.0,0.0,0.0318664643399089,0.0,0.0,0.034313725490196,0.0
REVB_Hormone-recep__Q14995_386_579,0.0,0.0,0.0,0.0,0.0150214592274678,0.0,0.0,0.0,0.0,0.0,0.0,0.0,0.0,0.0,0.0,0.0,0.0,0.0,0.2170542635658914,0.0,0.0,0.0,0.0,0.0,0.0,0.0,0.0,0.0,0.0,0.0,0.0,0.0,0.0,0.0,0.0
AP2_Mu__Q96CW1_160_435,0.0,0.0,0.0,0.0,0.0,0.0,0.1954314720812182,0.0,0.0,0.0,0.0,0.0,0.0,0.0,0.0,0.0,0.0,0.0,0.0,0.0,0.0,0.5436893203883495,0.0,0.0769230769230769,0.0,0.0718685831622176,0.0,0.0,0.0,0.0,0.0100430416068866,0.0415430267062314,0.0,0.0578512396694214,0.0
AFDN_PDZ__P55196_1002_1097,0.0,0.0,0.0,0.0,0.0,0.0,0.0,0.0,0.0,0.0,0.0,0.0,0.0,0.1113320079522862,0.0,0.0,0.0,0.0,0.0,0.0,0.0,0.0,0.0,0.0,0.0,0.0,0.0,0.0,0.0,0.0,0.0,0.0,0.0,0.0,0.0
NUP_Nucleoporin2__P52948_730_880,0.0,0.0,0.0,0.0,0.0,0.0,0.0,0.0,0.0,0.0,0.0,0.0,0.0,0.0,0.0,0.0,0.0,0.0,0.0,0.0,0.0,0.0,0.0,0.0,0.0,0.0,0.0,0.0,0.0,0.0,0.0,0.0,0.0,0.0,0.0
PTEN___P60484_1_274,0.0,0.0,0.0,0.0,0.0,0.0,0.0,0.0,0.0,0.0,0.0,0.0,0.0,0.0,0.0,0.0,0.0,0.0,0.0,0.0,0.0,0.0,0.0,0.0,0.0,0.0,0.0,0.0,0.0,0.0,0.0,0.0,0.0,0.0,0.0
CALM1_EF-hand__P0DP23_2_149,0.0,0.0,0.0,0.0,0.0,0.0,0.0,0.0,0.0,0.0,0.0,0.1272727272727273,0.0,0.0,0.0,0.0,0.0,0.0,0.0,0.0,0.0,0.0,0.0,0.0,0.0077433628318584,0.0,0.0,0.0,0.0,0.0,0.0,0.0107692307692307,0.0233074361820199,0.0642201834862385,0.0
ZDHHC17_Ank__Q8IUH5_50_284,0.0,0.0731070496083551,0.0,0.0,0.0,0.0,0.0159817351598173,0.2121212121212121,0.0,0.0,0.0,0.0154525386313465,0.0,0.0,0.0,0.0,0.053639846743295,0.0,0.0,0.0,0.0,0.0,0.0,0.0,0.0528776978417266,0.0,0.0,0.0,0.0,0.0,0.0661268556005398,0.0487465181058495,0.173374613003096,0.0734265734265734,0.0
CALM2_penta-EF-hand__P0DP24_2_149,0.0,0.0,0.0,0.0,0.0,0.0,0.0,0.0,0.0,0.0,0.0,0.0916230366492146,0.0,0.0,0.0,0.0,0.0215827338129496,0.0,0.0,0.0,0.0,0.0,0.0,0.0,0.0077519379844961,0.0,0.0,0.0,0.0,0.0,0.0,0.0108191653786707,0.0233853006681514,0.0,0.0
SH3RF1_SH3__Q7Z6J0_448_507,0.0,0.0,0.0,0.0,0.0,0.0,0.0186170212765957,0.1029411764705882,0.0,0.0,0.0,0.0,0.0,0.0,0.0,0.0,0.0071283095723014,0.0,0.0,0.0,0.0,0.0823529411764705,0.0,0.0,0.0103016924208977,0.0149253731343283,0.0,0.0,0.0,0.0,0.0206185567010309,0.010670731707317,0.0,0.03125,0.0
PCBP1_KH_1_Q15365_14_86,0.0,0.0,0.0,0.0,0.0,0.0,0.0,0.0,0.0,0.0,0.0,0.0,0.0,0.0,0.0,0.0,0.0,0.0,0.0,0.0,0.0,0.0,0.0,0.0,0.0,0.0,0.0,0.0,0.0,0.0,0.0,0.0,0.0,0.0,0.0
Pin1_WW__Q13526_3_41,0.0,0.0,0.0081967213114754,0.0,0.0,0.0,0.0,0.0,0.0,0.0,0.0,0.0374331550802139,0.0,0.0,0.0,0.0,0.0,0.0,0.0,0.0,0.0,0.0,0.0,0.0581395348837209,0.007774898185857,0.0,0.0,0.0,0.0,0.0,0.0,0.0,0.0,0.0,0.0
SAV1_WW_1_Q9H4B6_197_235,0.0,0.0,0.0318181818181818,0.0,0.0,0.0,0.0,0.0,0.0,0.0,0.0,0.07,0.0,0.0,0.0,0.0,0.007063572149344,0.0,0.0,0.0,0.0,0.0,0.0,0.0780254777070063,0.0333700036670333,0.0292887029288702,0.0,0.0,0.0,0.0,0.0,0.0105263157894736,0.0229257641921397,0.0,0.0
PPP1R9A_PDZ__Q9ULJ8_499_593,0.0,0.0,0.0,0.0,0.0,0.0,0.0,0.0,0.0,0.0,0.0,0.0,0.0,0.1117764471057884,0.0,0.0,0.0,0.0,0.0,0.0,0.0,0.0,0.0,0.0,0.0,0.0,0.0,0.0,0.0,0.0,0.0,0.0,0.0,0.0,0.0
PATJ_PDZ_6_Q8NI35_1058_1167,0.0,0.0,0.0,0.0,0.0,0.0,0.0,0.0,0.0,0.0,0.0,0.0,0.0,0.0,0.0,0.0,0.0,0.0,0.0,0.0,0.0,0.0,0.0,0.0,0.0,0.0,0.0,0.0,0.0,0.0,0.0,0.0,0.0,0.0,0.0
ABL1_SH3__P00519_60_121,0.0,0.0809248554913294,0.0,0.0,0.0,0.0,0.1221945137157107,0.0,0.0,0.0,0.0,0.0336538461538461,0.0,0.0,0.0,0.0,0.0,0.0,0.0,0.0,0.0,0.0,0.0,0.0,0.0382792562887349,0.0,0.0,0.0,0.0,0.0,0.0994318181818181,0.0102790014684287,0.0150214592274678,0.0,0.0
WWTR1_WW__Q9GZV5_122_160,0.0,0.0,0.1820151679306609,0.0,0.0,0.0,0.1144859813084112,0.0,0.0,0.0,0.0,0.0948081264108352,0.0,0.0,0.0,0.0,0.0,0.0,0.0,0.0,0.0,0.0510948905109489,0.0,0.1147540983606557,0.0530685920577617,0.0268714011516314,0.0,0.0,0.0,0.0,0.0,0.0,0.0437956204379562,0.0,0.0
MSN_FERM_1_P26038_1_322,0.0,0.0381991814461118,0.0818394388152767,0.0,0.0,0.0,0.0177664974619289,0.0,0.0,0.0,0.0,0.0,0.0,0.0,0.0,0.0,0.0703012912482066,0.0,0.0,0.0,0.0,0.0,0.0,0.0,0.029073482428115,0.1032917139614074,0.0,0.0,0.0,0.0,0.1347387717690192,0.1638576779026217,0.0212282031842304,0.1320754716981132,0.0
ITCH_WW_3_Q96J02_436_474,0.0,0.0689655172413793,0.256276150627615,0.0,0.0,0.0,0.0911062906724512,0.0316742081447963,0.0,0.0,0.0,0.0588235294117647,0.0,0.0,0.0,0.0,0.0,0.0,0.0,0.0,0.0,0.0823529411764705,0.0,0.1193181818181818,0.0924009989297181,0.0252707581227436,0.0,0.0,0.0,0.0,0.0,0.0,0.063508064516129,0.0226537216828478,0.0
MAGI2_PDZ_5_Q86UL8_915_1017,0.0,0.0230263157894736,0.0,0.0,0.0,0.0,0.0,0.0,0.0,0.0,0.0,0.0,0.0,0.0,0.0,0.0,0.0,0.0,0.0,0.0,0.0,0.0,0.0,0.0348837209302325,0.0,0.0,0.0,0.0,0.0,0.0,0.0317220543806646,0.0,0.0157303370786516,0.0,0.0
GABARAPL2_ATG8__P60520_2_115,0.0,0.1206896551724138,0.051255230125523,0.0,0.0,0.0,0.0911062906724512,0.0,0.0,0.0,0.0,0.0147058823529411,0.0,0.0,0.0,0.0,0.2952202436738519,0.0,0.0,0.0,0.0,0.0,0.0,0.0,0.0299678915447734,0.0,0.0,0.0,0.0,0.0,0.0732984293193717,0.0755735492577597,0.0070564516129032,0.0226537216828478,0.0
ASF1A___Q9Y294_1_155,0.0,0.0,0.0,0.0,0.0,0.0,0.0,0.0,0.3029808084932626,0.0,0.0,0.0,0.0,0.0,0.0,0.0,0.0,0.0,0.0,0.0,0.0,0.0,0.0,0.0,0.0,0.0,0.0,0.0,0.0,0.0,0.0,0.0,0.0,0.0,0.0
STXBP4_WW__Q6ZWJ1_494_532,0.0,0.0,0.0490654205607476,0.0,0.0,0.0,0.0,0.0,0.0,0.0,0.0,0.0,0.0,0.0,0.0,0.0,0.0,0.0,0.0,0.0,0.0,0.0,0.0,0.0695364238410596,0.0,0.0154185022026431,0.0,0.0,0.0,0.0,0.0,0.0,0.0,0.0,0.0
MAGI1_WW_1_Q96QZ7_298_336,0.0,0.0648148148148148,0.2708757637474541,0.0,0.0,0.0,0.1293634496919918,0.0,0.0,0.0,0.0,0.2091633466135458,0.0419161676646706,0.0,0.0,0.0,0.0,0.0,0.0,0.0,0.0,0.0357142857142857,0.0,0.1246575342465753,0.0940261576528808,0.0120689655172413,0.0,0.0,0.0,0.0,0.0177215189873417,0.0,0.0825147347740668,0.0417910447761194,0.0
REPS1___Q96D71_226_314,0.0,0.0,0.0,0.0,0.0,0.0,0.0,0.0,0.0,0.0,0.0,0.0,0.0,0.0,0.0,0.0,0.0,0.0,0.0,0.0,0.0,0.0,0.0,0.0,0.0,0.0,0.0,0.0,0.0,0.4666666666666667,0.0,0.0,0.0,0.0,0.0
WWP1_WW_1_Q9H0M0_347_385,0.0,0.0,0.0954545454545454,0.0,0.0,0.0,0.1090909090909091,0.0,0.0,0.0,0.0,0.0,0.0,0.0,0.0,0.0,0.0,0.0,0.0,0.0,0.0,0.0744680851063829,0.0,0.0668789808917197,0.0,0.0146443514644351,0.0,0.0,0.0,0.0,0.0101744186046511,0.0947368421052631,0.0,0.0300429184549356,0.0
