human_accession,Adenoviridae,Anelloviridae,Arenaviridae,Arteriviridae,Astroviridae,Birnaviridae,Bornaviridae,Caliciviridae,Coronaviridae,Filoviridae,Flaviviridae,Hantaviridae,Hepadnaviridae,Hepeviridae,Herpesviridae,Kolmioviridae,Matonaviridae,Nairoviridae,Nodaviridae,Orthomyxoviridae,Papillomaviridae,Paramyxoviridae,Parvoviridae,Peribunyaviridae,Phenuiviridae,Picobirnaviridae,Picornaviridae,Pneumoviridae,Polyomaviridae,Poxviridae,Reoviridae,Retroviridae,Rhabdoviridae,Tobaniviridae,Togaviridae
O00213,4461662.052411478,0.0,0.0,0.0,0.0,0.0,0.0,0.0,0.0,7273679013561110.0,193152.89828058268,0.0,0.0,0.0,6.165829992529374e+26,0.0,0.0,0.0,0.0,0.0,7138143901.899378,308348762662988.3,0.0,0.0,417.57618985864536,0.0,351.3092065184898,0.0,0.0,1904397402555.0842,211.8932613845753,43139169282.432526,991778518.4545286,0.0,34.35654762539882
O00233,0.0,0.0,0.0,0.0,0.0,0.0,0.0,0.0,0.0,259668.0635644411,15.958431182725539,0.0,0.0,0.0,0.0,0.0,0.0,0.0,0.0,0.0,31.348501664816883,0.0,0.0,0.0,0.0,0.0,2222638.171001718,0.0,0.0,0.0,0.0,15.35922038336876,0.0,0.0,17.329806300221207
O00308,2.218860195419039e+23,0.0,0.0,0.0,0.0,0.0,0.0,11927.021139643892,2.047759621015472e+21,43969518684248.26,16.82210326139958,0.0,0.0,211.3230950974605,1.3214748480990362e+38,0.0,0.0,0.0,0.0,0.0,192.8679245283028,1021597.5865283919,0.0,0.0,0.0,0.0,555.9576920213516,0.0,0.0,4116170.9086034074,3929806240191634.5,1.709268894291795e+18,1.2372279634256421e+44,0.0,0.0
O00425,0.0,0.0,0.0,0.0,0.0,0.0,0.0,0.0,0.0,0.0,0.0,0.0,0.0,0.0,0.0,0.0,0.0,0.0,0.0,0.0,0.0,0.0,0.0,0.0,0.0,0.0,7099.2207424117605,0.0,0.0,0.0,0.0,0.0,14958.169843011334,0.0,157806.70623755033
O00482,28289.867114717512,376.3578984279131,0.0,0.0,224.59404789583863,0.0,0.0,0.0,0.0,0.0,2898932.1729906327,41686411653.0989,0.0,0.0,81550409610005.88,0.0,0.0,0.0,0.0,0.0,1099542.4200742173,83.12821902954737,0.0,0.0,0.0,0.0,0.0,0.0,0.0,25307697470373.945,162.32758620689668,3783416.1978717386,78.21723974590998,0.0,0.0
O00499,0.0,0.0,0.0,343510.40763360215,487386360971.6772,0.0,0.0,0.0,0.0,0.0,536.9087544914961,0.0,0.0,116.84193337687807,8220574.026864798,0.0,0.0,0.0,0.0,0.0,213766969.69331008,0.0,0.0,0.0,0.0,0.0,6953.074663048148,0.0,0.0,234.65171923772985,115.65840517241394,0.0,0.0,0.0,1.1823139946922373e+19
O00560,0.0,0.0,0.0,0.0,0.0,0.0,0.0,0.0,0.0,259668.0635644411,0.0,0.0,0.0,0.0,0.0,0.0,118161298105.93227,0.0,0.0,0.0,0.0,0.0,0.0,0.0,0.0,0.0,7516.523290145702,0.0,0.0,0.0,0.0,73.75518244496885,0.0,0.0,0.0
O00629,79766.256219068,378.45168367646903,0.0,0.0,0.0,0.0,0.0,0.0,0.0,0.0,8374.681132142976,0.0,0.0,0.0,230671.13854671383,0.0,0.0,0.0,0.0,2.707472037442216e+189,5695.632886203533,0.0,0.0,0.0,0.0,0.0,0.0,0.0,0.0,0.0,0.0,54.53857163424492,0.0,0.0,0.0
O14595,0.0,0.0,0.0,0.0,0.0,0.0,0.0,0.0,0.0,0.0,0.0,0.0,0.0,0.0,0.0,0.0,0.0,0.0,0.0,0.0,42.633962264150966,0.0,0.0,0.0,0.0,0.0,0.0,0.0,0.0,0.0,0.0,0.0,0.0,0.0,0.0
O14907,0.0,0.0,0.0,0.0,0.0,0.0,0.0,0.0,0.0,0.0,0.0,0.0,0.0,0.0,106.44281557605404,0.0,0.0,0.0,0.0,0.0,0.0,0.0,0.0,0.0,0.0,0.0,0.0,0.0,0.0,0.0,0.0,0.0,0.0,0.0,0.0
O14936,9303303.958707055,0.0,665184664.5006328,0.0,0.0,0.0,0.0,67149.79671175976,19423822156.944378,171133512.24786815,438508413282.2349,0.0,0.0,0.0,2.6157483282068645e+26,0.0,118161298105.93227,0.0,0.0,3.897524787946907e+29,315862.40116995387,0.0,0.0,0.0,3288.998978549562,0.0,0.0,0.0,0.0,0.0,12297.033438231538,45834476.018876985,0.0,0.0,0.0
O14965,0.0,0.0,0.0,0.0,0.0,0.0,0.0,0.0,0.0,0.0,0.0,0.0,5923141.865648328,0.0,155.05122620963948,0.0,0.0,0.0,0.0,0.0,0.0,0.0,0.0,0.0,0.0,0.0,0.0,0.0,0.0,0.0,0.0,0.0,0.0,0.0,0.0
O14976,0.0,0.0,0.0,0.0,0.0,0.0,0.0,0.0,3.055503017531342e+17,0.0,0.0,0.0,0.0,0.0,0.0,0.0,0.0,0.0,0.0,0.0,0.0,0.0,0.0,0.0,0.0,0.0,0.0,0.0,0.0,0.0,0.0,0.0,0.0,0.0,0.0
O15018,0.0,0.0,0.0,0.0,0.0,0.0,0.0,0.0,0.0,0.0,0.0,0.0,0.0,0.0,0.0,0.0,0.0,0.0,0.0,0.0,0.0,0.0,0.0,0.0,0.0,0.0,7516.523290145702,0.0,0.0,51.233203656411895,0.0,73.75518244496885,0.0,0.0,0.0
O15085,0.0,0.0,0.0,0.0,0.0,0.0,0.0,0.0,0.0,0.0,0.0,0.0,0.0,0.0,310.9394531250003,0.0,0.0,0.0,0.0,0.0,0.0,0.0,0.0,0.0,0.0,0.0,2222638.171001718,0.0,0.0,0.0,0.0,0.0,0.0,0.0,611.1360041727471
O15169,0.0,0.0,0.0,0.0,0.0,0.0,0.0,0.0,0.0,0.0,0.0,0.0,0.0,0.0,220.50000000000014,0.0,0.0,0.0,0.0,0.0,0.0,0.0,0.0,0.0,0.0,0.0,0.0,0.0,0.0,0.0,0.0,0.0,0.0,0.0,0.0
O15264,0.0,0.0,0.0,0.0,0.0,0.0,0.0,0.0,0.0,0.0,0.0,0.0,0.0,0.0,3906514.4045495596,0.0,0.0,0.0,0.0,0.0,43.64468119713731,0.0,0.0,0.0,0.0,0.0,0.0,0.0,0.0,394.8331323700729,76.99866086374298,2401.4634686663258,54.30723043969581,0.0,0.0
O15355,0.0,0.0,0.0,0.0,0.0,0.0,0.0,0.0,149252.51723918912,0.0,0.0,0.0,0.0,0.0,13.602272727272746,0.0,0.0,0.0,0.0,0.0,0.0,0.0,0.0,0.0,0.0,0.0,0.0,0.0,0.0,0.0,0.0,0.0,3752.5726029464263,0.0,0.0
O43166,0.0,0.0,0.0,0.0,0.0,0.0,0.0,0.0,0.0,0.0,0.0,0.0,0.0,0.0,0.0,0.0,0.0,0.0,0.0,0.0,0.0,0.0,0.0,0.0,0.0,0.0,0.0,0.0,0.0,0.0,0.0,2265.6442031756947,0.0,0.0,0.0
O43464,0.0,0.0,0.0,0.0,0.0,0.0,0.0,0.0,0.0,259668.0635644411,0.0,0.0,0.0,0.0,0.0,0.0,5537454211.928638,0.0,0.0,0.0,0.0,0.0,0.0,0.0,0.0,0.0,7516.523290145702,0.0,0.0,0.0,0.0,0.0,0.0,0.0,0.0
O43559,0.0,0.0,0.0,0.0,0.0,0.0,0.0,0.0,7.472349385567689,0.0,0.0,0.0,0.0,0.0,48339873648.26667,0.0,0.0,0.0,0.0,0.0,6402.940676630749,0.0,0.0,0.0,0.0,0.0,0.0,0.0,0.0,0.0,0.0,0.0,0.0,0.0,0.0
O43683,0.0,0.0,0.0,0.0,0.0,0.0,0.0,0.0,322.18059675234343,0.0,0.0,0.0,0.0,0.0,0.0,0.0,0.0,0.0,0.0,0.0,2679.1159315516443,0.0,0.0,0.0,0.0,0.0,0.0,0.0,0.0,0.0,198994.71104667193,0.0,0.0,0.0,0.0
O43719,0.0,0.0,0.0,0.0,0.0,0.0,0.0,383838.1861224496,7.24191676562669,0.0,0.0,0.0,0.0,0.0,0.0,0.0,0.0,0.0,0.0,0.0,115.72075471698155,0.0,0.0,0.0,0.0,0.0,0.0,0.0,0.0,0.0,0.0,0.0,0.0,0.0,0.0
O43791,88979080006899.44,0.0,603.0960854092531,75.037694443905,0.0,0.0,0.0,1499911168340.685,13.73071297495299,784025432246.3915,12177125295.904463,0.0,19054065614637.266,0.0,4.647449678015295e+69,0.0,5537454211.928638,156806.18307141282,0.0,0.0,2.6167951727729025e+145,9.881438439720736e+19,2452638.950117081,0.0,0.0,0.0,806697857.2939955,1066847633.6499215,0.0,5.0700171571549346e+29,256011680914.21356,8.525048089236027e+42,1758887.5393281446,0.0,146606981245853.25
O60292,0.0,0.0,0.0,0.0,0.0,0.0,0.0,0.0,0.0,0.0,0.0,0.0,0.0,0.0,142.7851183391004,0.0,118161298105.93227,0.0,0.0,0.0,0.0,0.0,0.0,0.0,0.0,0.0,0.0,0.0,0.0,0.0,0.0,0.0,0.0,0.0,611.1360041727471
O60861,0.0,0.0,0.0,0.0,0.0,0.0,0.0,58.01605986714876,0.0,8793903736849.651,0.0,0.0,0.0,0.0,0.0,0.0,0.0,0.0,0.0,0.0,0.0,78.09014514896876,0.0,0.0,0.0,0.0,0.0,0.0,0.0,0.0,270.8099243061399,0.0,1423510230498975.2,0.0,34.35654762539882
O60880,0.0,0.0,0.0,0.0,0.0,0.0,0.0,0.0,0.0,0.0,0.0,0.0,128.99929890161258,0.0,0.0,0.0,0.0,0.0,0.0,0.0,0.0,0.0,0.0,0.0,0.0,0.0,0.0,0.0,0.0,0.0,0.0,0.0,0.0,0.0,0.0
O60885,0.0,0.0,0.0,0.0,0.0,0.0,0.0,0.0,0.0,0.0,0.0,0.0,0.0,0.0,0.0,0.0,2481995182405.2446,0.0,0.0,0.0,0.0,81.277498012192,0.0,0.0,0.0,0.0,0.0,0.0,0.0,0.0,0.0,0.0,0.0,0.0,0.0
O75381,0.0,3351863981472.5,0.0,82.67713704932065,0.0,0.0,0.0,342012.9571326567,1256547.860782153,130.23762816753322,176883.87718631647,0.0,0.0,0.0,9778100771679840.0,0.0,5537454211.928638,0.0,0.0,4.790078607575748e+156,228746217.70836058,2157108.307150226,0.0,0.0,3470.998922026611,0.0,0.0,900.1761252446232,1064.7916666666672,0.0,0.0,3.6058313043732606e+41,38790.91479779776,0.0,3615.454223692904
O75400,82.38697131745265,0.0,0.0,0.0,257.14867562891067,0.0,0.0,0.0,121.25286538318066,100.2749836504625,0.0,0.0,0.0,25123256454056.06,5021334013.462912,0.0,7445985547215.731,0.0,0.0,0.0,7413669225594.823,0.0,0.0,0.0,0.0,0.0,0.0,0.0,0.0,2304836861194.9414,0.0,189.4745204189722,0.0,0.0,68.71309525079764
O75420,16553.901816613732,0.0,0.0,0.0,0.0,0.0,0.0,0.0,0.0,29.583388841674914,0.0,0.0,0.0,1597.1875000000111,3797869094.014688,92180974850750.97,0.0,0.0,0.0,0.0,24788.94767518135,0.0,0.0,0.0,0.0,0.0,0.0,0.0,0.0,0.0,0.0,3310856.349002389,76.90486995151555,0.0,0.0
O75425,0.0,0.0,0.0,0.0,0.0,0.0,0.0,180.52982731554187,48276.078686842884,0.0,0.0,0.0,7112.187060258541,0.0,0.0,0.0,0.0,0.0,0.0,0.0,0.0,0.0,0.0,964643788466.9432,0.0,0.0,13.563425134162886,0.0,0.0,0.0,0.0,3544144.334055089,0.0,0.0,0.0
O75554,288586763.32596356,0.0,0.0,0.0,0.0,0.0,0.0,0.0,0.0,16122156850891.031,0.0,0.0,0.0,0.0,310322652399068.75,0.0,18.671239866863058,0.0,0.0,0.0,222.53991291727226,0.0,0.0,0.0,0.0,0.0,0.0,0.0,0.0,0.0,300.0866728797768,63976.36043472252,21031.463525116502,0.0,0.0
O75674,0.0,0.0,0.0,0.0,0.0,0.0,0.0,0.0,0.0,0.0,0.0,0.0,0.0,0.0,0.0,0.0,0.0,0.0,0.0,0.0,38.42719558913038,0.0,0.0,0.0,0.0,0.0,0.0,0.0,0.0,0.0,0.0,0.0,0.0,0.0,0.0
O75791,0.0,1026.8179643901194,0.0,0.0,0.0,0.0,0.0,58.01605986714876,7.24191676562669,0.0,0.0,0.0,6090634.309149954,0.0,4.715705341793523e+17,0.0,0.0,0.0,0.0,0.0,0.0,0.0,0.0,0.0,0.0,0.0,5.751856902582651e+22,900.1761252446232,0.0,0.0,0.0,15.31640722550571,77.16380890758118,0.0,40810.48361283694
O75843,0.0,0.0,0.0,0.0,127.17780264630403,0.0,0.0,0.0,0.0,519336.1271288822,0.0,0.0,0.0,0.0,0.0,0.0,0.0,0.0,0.0,0.0,0.0,0.0,0.0,0.0,0.0,26832166.6793485,0.0,0.0,0.0,0.0,0.0,0.0,0.0,0.0,0.0
O75970,0.0,0.0,0.0,0.0,0.0,0.0,0.0,0.0,0.0,0.0,0.0,0.0,0.0,0.0,285.5702366782008,0.0,0.0,0.0,0.0,0.0,52.32850665496564,0.0,0.0,0.0,0.0,0.0,0.0,0.0,0.0,51.233203656411895,0.0,147.5103648899377,0.0,0.0,0.0
O94875,199.3332714272453,0.0,0.0,608264.3667795471,0.0,0.0,0.0,58.01605986714876,13667.426837581113,0.0,415.8356926141165,0.0,0.0,0.0,28882796367638.16,0.0,18.671239866863058,0.0,0.0,1.2590700441151477e+112,222.53991291727226,0.0,0.0,0.0,0.0,0.0,9.95743785599423e+16,1800.3522504892464,0.0,0.0,7.779472153735924e+29,178.69141763090065,77.16380890758118,192.20020294872643,1015722545.9102876
O95166,0.0,0.0,0.0,75.037694443905,731182888862.3021,0.0,0.0,42.23191333088507,987.9118454135127,0.0,3100010.681672311,0.0,0.0,0.0,1977184776284.7986,0.0,0.0,0.0,0.0,8.740269652790407e+29,2.79067684462211e+73,0.0,0.0,0.0,3613.838383838402,2333.2826086956798,13.619446623932257,0.0,0.0,206910.43532241607,0.0,1.7523418128908408e+46,1271467606325738.5,0.0,15986.154819819514
O95271,0.0,0.0,0.0,0.0,230.4889047959919,0.0,0.0,4633.88516008166,0.0,0.0,0.0,0.0,0.0,0.0,5.7826086956521765,0.0,4963990364810.489,0.0,0.0,0.0,338148290012262.1,0.0,0.0,0.0,0.0,0.0,0.0,1098.1401693855553,1906.035911602211,0.0,0.0,33.918278346606016,720993.1009705012,0.0,17.42763585191601
O95319,13223206.300324477,0.0,0.0,82.67713704932065,0.0,0.0,0.0,43.232142857142875,67592021724887.125,0.0,12196.51397520493,0.0,125.76623376623394,0.0,539021.2188039161,0.0,0.0,125.57004972214112,0.0,0.0,46106053.86568918,24083836171.673916,0.0,0.0,0.0,0.0,0.0,0.0,0.0,4.713615642285763e+27,0.0,833923166601847.4,0.0,0.0,0.0
O95400,109941.17970833182,7756375087380.523,0.0,0.0,226.6226392961883,0.0,0.0,71274.8619840995,0.0,546941.00371305,0.0,0.0,470110820.9691923,373236.9509307675,2.9716863939226667e+38,46090487425375.484,2481995182405.2446,0.0,0.0,0.0,506629.16354930407,0.0,0.0,0.0,0.0,0.0,7544.114748246514,0.0,18245879550.519352,1196772172109.882,108.11301749320086,710449599032944.5,0.0,0.0,0.0
O95628,0.0,0.0,0.0,0.0,226.6226392961883,0.0,0.0,0.0,298.67633417846946,0.0,0.0,0.0,0.0,0.0,0.0,0.0,0.0,0.0,0.0,0.0,0.0,0.0,0.0,0.0,419.1707528748121,0.0,0.0,0.0,0.0,0.0,0.0,0.0,0.0,0.0,0.0
O95630,3283098318.6685934,0.0,0.0,0.0,0.0,0.0,0.0,43.27009908440991,0.0,0.0,15.8847687901907,0.0,128.99929890161258,0.0,1.0946921911169935e+44,0.0,0.0,0.0,0.0,0.0,6844.836023336386,0.0,0.0,0.0,0.0,0.0,0.0,0.0,0.0,175353.13068533817,0.0,1027.0517053773647,0.0,0.0,0.0
O95747,0.0,0.0,0.0,0.0,0.0,0.0,0.0,0.0,0.0,0.0,12.359800857016005,0.0,0.0,0.0,1201.6709338489695,0.0,0.0,0.0,0.0,1761.0052465468766,39.01952230341373,1068965.6651760724,0.0,0.0,0.0,0.0,13.532500772251886,0.0,0.0,14440130332.574642,0.0,62124.27872388356,0.0,0.0,0.0
O95817,24030103.98136263,916.1843790012831,22978362.556255817,0.0,0.0,0.0,0.0,9594.969095741768,5.255282559143328e+25,8.044041106661027e+22,5176864.1036512125,0.0,0.0,295.1897689768984,6.9861702403905875e+50,0.0,1217986637667727.5,0.0,0.0,0.0,96.43396226415109,7.728741386313247e+21,1810408.556513719,0.0,0.0,0.0,0.0,0.0,0.0,4235715737208.2505,1684202674367843.5,1.483350585774862e+33,4.131789261772622e+60,0.0,610.39493383624
O96018,0.0,0.0,0.0,0.0,0.0,0.0,0.0,0.0,0.0,259668.0635644411,0.0,0.0,0.0,0.0,142.7851183391004,0.0,0.0,0.0,0.0,0.0,0.0,0.0,0.0,0.0,0.0,0.0,7516.523290145702,0.0,0.0,0.0,0.0,0.0,0.0,0.0,611.1360041727471
P00519,100558.40831408591,0.0,0.0,405509.57785303134,0.0,0.0,0.0,0.0,7.24191676562669,0.0,200862.86381480395,0.0,271.24717444717487,0.0,1.1217341701420168e+16,0.0,0.0,0.0,0.0,0.0,0.0,0.0,0.0,0.0,0.0,0.0,2108184691000.1543,900.1761252446232,0.0,13038541436.403841,1.1952816943130227e+17,3427.5099339578373,0.0,0.0,950606.8517466274
P02549,199.3332714272453,0.0,0.0,0.0,0.0,0.0,0.0,0.0,0.0,0.0,102587478419897.42,0.0,31476.317370247947,4.841748234306513e+16,1998.3020431646157,0.0,0.0,0.0,0.0,1.179445592322255e+114,0.0,1724163.0705005089,0.0,0.0,3313.8216123499374,0.0,135691.54331142813,0.0,0.0,0.0,0.0,5.801640101878034e+54,0.0,0.0,16369619.574966319
P06241,10106.429487450961,6.508220319915811e+22,0.0,0.0,0.0,0.0,0.0,55.12823585810166,7.24191676562669,1151057399.2724972,504.651759035633,0.0,0.0,1.0341942431132128e+18,1.9323900376779574e+39,0.0,0.0,61649.275017429965,0.0,0.0,3359.0108306703055,80.82762256193995,0.0,0.0,0.0,0.0,0.0,0.0,0.0,169.9410647056757,0.0,2.316263016377353e+37,0.0,0.0,591.125688693634
P06730,0.0,0.0,0.0,0.0,0.0,0.0,0.0,0.0,0.0,0.0,14.207756927351339,0.0,0.0,0.0,4820837.54864351,0.0,0.0,0.0,0.0,0.0,0.0,0.0,0.0,0.0,0.0,0.0,0.0,0.0,0.0,0.0,0.0,0.0,0.0,0.0,0.0
P07900,112.52004962172182,0.0,0.0,0.0,0.0,0.0,0.0,0.0,0.0,0.0,155249.81654810172,0.0,0.0,0.0,13384.573311582943,0.0,0.0,0.0,0.0,16.004198294008173,0.0,43188.544148798865,0.0,0.0,0.0,0.0,13.452753487555935,0.0,0.0,0.0,0.0,0.0,0.0,0.0,0.0
P07947,3044627.678109595,6.508220319915811e+22,0.0,0.0,0.0,0.0,0.0,55.12823585810166,7.24191676562669,0.0,504.651759035633,0.0,0.0,8228767864071725.0,6.974942797883624e+44,0.0,0.0,61649.275017429965,0.0,0.0,3729.071345913643,80.82762256193995,0.0,0.0,0.0,0.0,0.0,0.0,0.0,169.9410647056757,0.0,3.5187482850050864e+39,0.0,0.0,15372.304240829704
P08238,112.52004962172182,0.0,0.0,0.0,0.0,0.0,0.0,464.9494609164427,69.75887170154691,0.0,59032808.81970144,0.0,0.0,0.0,18293.07073722169,0.0,0.0,0.0,0.0,16.004198294008173,0.0,0.0,0.0,0.0,0.0,0.0,549.9095420546392,0.0,0.0,0.0,0.0,0.0,0.0,0.0,0.0
P08567,107.51915852742304,0.0,0.0,0.0,0.0,0.0,0.0,0.0,0.0,0.0,8631.919554871081,0.0,3.488289256356108e+56,0.0,6178762286418.774,0.0,0.0,0.0,0.0,988234.8622022349,3876.2604001720183,0.0,0.0,0.0,0.0,0.0,0.0,0.0,0.0,0.0,0.0,34.18202856703062,108.10212851675296,0.0,0.0
P09012,0.0,0.0,0.0,0.0,0.0,0.0,0.0,0.0,0.0,0.0,0.0,0.0,0.0,0.0,19089.181505134256,0.0,0.0,0.0,0.0,0.0,0.0,0.0,0.0,0.0,0.0,0.0,0.0,0.0,0.0,0.0,0.0,0.0,0.0,0.0,0.0
P0CG48,0.0,0.0,0.0,0.0,0.0,0.0,0.0,0.0,0.0,0.0,0.0,0.0,0.0,0.0,17461.96441992275,0.0,0.0,0.0,0.0,0.0,0.0,0.0,0.0,0.0,0.0,0.0,0.0,0.0,0.0,0.0,0.0,0.0,0.0,0.0,0.0
P0DP23,8339814177352.99,0.0,0.0,0.0,0.0,0.0,0.0,3978.585240361376,6.865356487476495,0.0,186147.99931081745,0.0,0.0,0.0,14085.20262433623,0.0,0.0,0.0,0.0,0.0,0.0,0.0,0.0,0.0,0.0,0.0,0.0,0.0,0.0,0.0,0.0,182979.31069023185,0.0,197.56191839656495,17.198781103363185
P0DP24,5957010126680.707,0.0,0.0,0.0,0.0,0.0,0.0,0.0,22.754188180756056,0.0,8299.261565533361,0.0,0.0,0.0,11721.813419433422,0.0,0.0,0.0,0.0,0.0,179258.55602693316,0.0,0.0,0.0,0.0,0.0,0.0,0.0,0.0,0.0,0.0,326523.42511101835,0.0,0.0,17.198781103363185
P11362,0.0,0.0,0.0,0.0,0.0,0.0,0.0,0.0,0.0,0.0,0.0,0.0,0.0,0.0,16006.768022620785,0.0,0.0,0.0,0.0,0.0,0.0,0.0,0.0,0.0,0.0,0.0,0.0,0.0,0.0,0.0,0.0,0.0,100.07707967489812,0.0,0.0
P11532,24030103.98136263,0.0,0.0,0.0,0.0,0.0,0.0,0.0,7.658367543037633,16122156850891.031,0.0,0.0,0.0,0.0,308367299897.882,0.0,0.0,0.0,0.0,0.0,0.0,12933.904353973958,0.0,0.0,0.0,0.0,0.0,0.0,0.0,0.0,270.8099243061399,0.0,101.40553648474179,0.0,0.0
P11940,0.0,0.0,0.0,0.0,0.0,0.0,0.0,0.0,131149.486132115,0.0,14.120311764551113,0.0,0.0,0.0,7.883644346871572,0.0,0.0,0.0,0.0,0.0,0.0,27996.9501183406,0.0,0.0,0.0,0.0,0.0,0.0,0.0,0.0,0.0,0.0,0.0,5488.517045454575,0.0
P12814,0.0,0.0,0.0,0.0,0.0,0.0,0.0,0.0,0.0,0.0,0.0,0.0,0.0,0.0,261404.1111111114,0.0,0.0,0.0,3087.1812080537807,6.196309436084361e+155,0.0,0.0,0.0,0.0,0.0,0.0,8068.412362217246,0.0,3556.6237113402117,93.92754003675515,0.0,0.0,0.0,0.0,0.0
P12931,87.82505523279607,10745272.224888386,0.0,0.0,0.0,0.0,0.0,0.0,7.24191676562669,0.0,12882.226912981667,0.0,3721927675901169.5,116.84193337687807,3.520827327691824e+26,0.0,0.0,124292936821.91356,0.0,16.743348014414167,43.457364968823406,27295.159902040927,0.0,0.0,0.0,0.0,353.7443442716217,900.1761252446232,0.0,169.9410647056757,0.0,3862287283590.9526,0.0,0.0,15490.361549065665
P13861,0.0,0.0,0.0,0.0,0.0,0.0,0.0,0.0,140.47334438530694,0.0,16.006147422142323,0.0,0.0,0.0,0.0,0.0,0.0,0.0,0.0,0.0,0.0,0.0,0.0,0.0,0.0,0.0,143327.90525160154,0.0,0.0,0.0,0.0,0.0,0.0,0.0,0.0
P15311,124.93423350017474,0.0,0.0,0.0,351698724164.8507,3818.0988142293604,0.0,708768957191449.8,3.0675184820043324e+87,0.0,2407679.7827109764,0.0,7086.776705855737,104.73360655737721,6.287843067237558e+20,0.0,0.0,245.4776244568121,0.0,4.363545829680357e+195,2799941617096.508,1.4628973814872253e+58,0.0,0.0,419.1707528748121,0.0,1.9221684341737123e+17,1890593172744.6758,0.0,71390.30914708856,1.634812299649921e+16,678278.6078228571,8.832368878259935e+23,192.20020294872643,25456618140707.625
P15735,0.0,0.0,0.0,0.0,0.0,0.0,0.0,0.0,0.0,0.0,0.0,0.0,0.0,0.0,0.0,0.0,0.0,0.0,0.0,0.0,0.0,24601.069451847477,0.0,0.0,0.0,0.0,0.0,0.0,0.0,0.0,0.0,0.0,0.0,0.0,0.0
P15927,0.0,0.0,0.0,0.0,0.0,0.0,0.0,0.0,0.0,0.0,0.0,0.0,0.0,0.0,75571.70211078718,0.0,2481995182405.2446,0.0,0.0,0.0,91.22131565527813,0.0,0.0,0.0,0.0,0.0,0.0,0.0,0.0,0.0,0.0,0.0,0.0,0.0,0.0
P16333,87.82505523279607,0.0,0.0,0.0,224.59404789583863,0.0,24234797.2649239,0.0,0.0,0.0,415.8356926141165,0.0,0.0,0.0,7627392275374744.0,0.0,0.0,0.0,0.0,69694.53272621102,19341.996431552157,0.0,0.0,0.0,0.0,0.0,2027478.0847507927,0.0,0.0,169.9410647056757,0.0,23364.68648938314,42.997469503849175,0.0,43.43772554045398
P18206,0.0,0.0,0.0,187.22791035735918,0.0,0.0,0.0,0.0,81.60122657926318,0.0,0.0,0.0,0.0,0.0,0.0,0.0,0.0,0.0,0.0,0.0,91.22131565527813,21250.67466795387,0.0,0.0,0.0,0.0,0.0,0.0,0.0,0.0,0.0,0.0,0.0,0.0,0.0
P18615,0.0,0.0,0.0,82.67713704932065,0.0,0.0,0.0,0.0,2654913165.0445156,0.0,0.0,0.0,0.0,0.0,0.0,0.0,0.0,0.0,0.0,0.0,0.0,0.0,0.0,0.0,0.0,0.0,0.0,0.0,0.0,0.0,0.0,0.0,0.0,0.0,0.0
P20393,0.0,0.0,0.0,0.0,0.0,0.0,0.0,0.0,0.0,0.0,0.0,0.0,0.0,0.0,0.0,0.0,0.0,0.0,0.0,0.0,54.00301886792462,0.0,0.0,0.0,0.0,0.0,0.0,0.0,0.0,0.0,0.0,0.0,0.0,0.0,0.0
P22061,0.0,0.0,0.0,0.0,0.0,0.0,0.0,0.0,79.08396509095677,0.0,0.0,0.0,0.0,0.0,119.02040816326537,0.0,0.0,0.0,0.0,0.0,0.0,0.0,0.0,0.0,0.0,0.0,0.0,0.0,0.0,0.0,0.0,33.970702269861995,0.0,0.0,0.0
P23284,543944.9927033411,0.0,0.0,0.0,0.0,0.0,0.0,0.0,3.2415412150688213e+23,1319.238500972725,0.0,0.0,14935.381907590963,0.0,77338845435.7273,0.0,0.0,0.0,0.0,0.0,39.0948495665477,97.35238095238103,0.0,0.0,0.0,0.0,2198074.5794207067,462.6779384998582,0.0,0.0,73.92281555626984,0.0,79.29983129948663,0.0,613.8637837949891
P25685,0.0,0.0,0.0,0.0,0.0,0.0,0.0,0.0,0.0,0.0,0.0,0.0,0.0,0.0,0.0,0.0,0.0,0.0,0.0,0.0,7.815710486719654e+16,0.0,0.0,0.0,0.0,0.0,0.0,0.0,0.0,0.0,0.0,0.0,0.0,0.0,0.0
P26038,0.0,0.0,0.0,0.0,1433767789.7357795,3818.0988142293604,0.0,4.688781868914119e+16,1.4733280787649881e+56,0.0,40535262.463933945,0.0,3.628686066750217e+18,0.0,4.127714502475764e+16,0.0,0.0,122.73881222840605,0.0,7.538544294407648e+196,5.876826216125826e+23,4.4371220475444843e+27,0.0,0.0,419.1707528748121,0.0,2.657730449144619e+25,2160677911708.201,0.0,1350867483.1182024,8067.212375252187,542622.8862582857,1.1019914078750354e+22,0.0,1298333294385.1475
P26196,0.0,0.0,0.0,0.0,0.0,0.0,0.0,0.0,0.0,44.23497248991989,0.0,0.0,0.0,0.0,7.883644346871572,0.0,0.0,0.0,0.0,1.9051110458619674e+18,0.0,0.0,0.0,0.0,0.0,0.0,13.613199171352473,0.0,0.0,462454685809005.0,0.0,0.0,0.0,0.0,0.0
P26368,252.23688848850492,0.0,0.0,0.0,0.0,0.0,0.0,0.0,85173.17492197413,0.0,0.0,0.0,0.0,0.0,461.10360301972537,0.0,0.0,0.0,0.0,0.0,0.0,0.0,0.0,0.0,0.0,0.0,0.0,0.0,0.0,0.0,0.0,0.0,0.0,0.0,0.0
P26599,0.0,0.0,0.0,1834.7179487179494,0.0,0.0,0.0,593.7908777969043,0.0,0.0,0.0,0.0,6.211363366042892e+51,105.78651685393278,104.50323349217176,2021.934065934075,2757772424894.717,0.0,0.0,0.0,1230950.0393441094,0.0,0.0,0.0,0.0,5749.8750000000755,8732110753.553326,0.0,0.0,3.3505028987099546e+20,0.0,45105.35867011403,0.0,0.0,0.0
P27361,0.0,0.0,0.0,0.0,0.0,0.0,0.0,0.0,0.0,0.0,0.0,0.0,0.0,0.0,0.0,0.0,0.0,0.0,0.0,0.0,36.554390027927276,0.0,0.0,0.0,0.0,0.0,0.0,0.0,0.0,0.0,0.0,297.01411308920115,0.0,0.0,0.0
P27986,0.0,0.0,0.0,0.0,0.0,0.0,0.0,0.0,0.0,0.0,15.947866183597617,1283.096234309661,0.0,0.0,5.511265012283036e+25,0.0,5537454211.928638,0.0,0.0,0.0,16454497349.747316,0.0,0.0,0.0,0.0,0.0,13.532500772251886,0.0,0.0,1371594456925.8848,0.0,129.28849628588674,0.0,0.0,31922.42205073983
P28482,0.0,0.0,0.0,75.037694443905,0.0,0.0,0.0,0.0,0.0,519336.1271288822,0.0,0.0,5923141.865648328,0.0,18154.814355557533,0.0,0.0,0.0,0.0,16.004198294008173,0.0,0.0,0.0,0.0,0.0,0.0,0.0,0.0,0.0,0.0,0.0,297.01411308920115,0.0,0.0,0.0
P29353,0.0,0.0,3567.78947368422,0.0,0.0,0.0,0.0,6251.850582271748,0.0,51331109045.0957,0.0,0.0,0.0,0.0,0.0,0.0,0.0,0.0,0.0,0.0,8442081.498408906,709518.9746046328,0.0,0.0,3313.8216123499374,0.0,13.619446623932257,0.0,0.0,0.0,0.0,271.3462267728481,1104.3763211255607,0.0,17.519471792765174
P30414,0.0,0.0,739241.3505530802,0.0,0.0,0.0,0.0,0.0,79.08396509095677,14.023871587323368,508.5079020448754,0.0,51825181959.779,0.0,9.450204618277227e+22,0.0,0.0,0.0,0.0,0.0,27360194.139637213,0.0,0.0,0.0,0.0,2333.2826086956798,0.0,0.0,0.0,0.0,0.0,568543.5195838924,6726.286761300047,0.0,0.0
P31483,0.0,0.0,0.0,0.0,0.0,0.0,0.0,0.0,995.0144961594391,0.0,0.0,0.0,0.0,0.0,0.0,0.0,2481995182405.2446,0.0,0.0,0.0,0.0,0.0,0.0,0.0,0.0,0.0,0.0,0.0,0.0,0.0,0.0,0.0,0.0,0.0,0.0
P31946,0.0,0.0,0.0,0.0,0.0,0.0,0.0,0.0,0.0,0.0,0.0,0.0,125.45181818181821,0.0,0.0,0.0,0.0,0.0,0.0,0.0,0.0,0.0,0.0,0.0,0.0,0.0,0.0,0.0,0.0,0.0,0.0,0.0,0.0,0.0,0.0
P31948,0.0,0.0,0.0,0.0,0.0,0.0,0.0,0.0,6.885331786119557,0.0,0.0,0.0,0.0,0.0,0.0,0.0,0.0,0.0,0.0,0.0,0.0,0.0,0.0,0.0,0.0,0.0,0.0,0.0,0.0,0.0,0.0,0.0,0.0,0.0,0.0
P31949,0.0,0.0,0.0,0.0,0.0,0.0,0.0,0.0,0.0,0.0,12176.335773810588,0.0,0.0,0.0,0.0,0.0,0.0,0.0,0.0,0.0,0.0,0.0,0.0,0.0,0.0,0.0,0.0,0.0,0.0,0.0,0.0,0.0,0.0,0.0,0.0
P33240,0.0,0.0,0.0,0.0,0.0,0.0,0.0,0.0,2654913165.0445156,0.0,0.0,0.0,0.0,0.0,0.0,0.0,5537454211.928638,0.0,0.0,0.0,0.0,0.0,0.0,0.0,0.0,0.0,0.0,0.0,0.0,0.0,0.0,0.0,0.0,0.0,0.0
P33981,0.0,0.0,0.0,0.0,0.0,0.0,0.0,0.0,0.0,0.0,0.0,0.0,0.0,0.0,0.0,0.0,0.0,0.0,0.0,0.0,0.0,0.0,0.0,0.0,0.0,0.0,0.0,0.0,0.0,0.0,198994.71104667193,0.0,0.0,0.0,0.0
P35240,0.0,0.0,0.0,0.0,0.0,0.0,0.0,0.0,55061058631071.14,0.0,0.0,0.0,0.0,0.0,25.74193548387098,0.0,0.0,0.0,0.0,7.447551255274737e+30,0.0,0.0,0.0,0.0,0.0,0.0,0.0,0.0,0.0,0.0,315.4320141065836,0.0,0.0,0.0,0.0
P35241,0.0,0.0,0.0,0.0,351698724164.8507,0.0,0.0,5.0795136913236296e+16,2.1111313118509974e+88,1590620648.3978937,40535262.463933945,0.0,2.5129492389174036e+16,21938.256685030978,1.8775569945536004e+27,0.0,0.0,122.73881222840605,0.0,1.3030674487280418e+198,2.8123558596264447e+22,1.1916836692178515e+81,0.0,0.0,838.3415057496242,0.0,3.1237716131039544e+18,2160677911708.201,1906.035911602211,7.771426968477551e+24,390050690.8903991,2.5672653927353044e+49,8.593180880265236e+25,0.0,2.3666886392579824e+20
P35269,0.0,0.0,0.0,0.0,33066.70792610844,0.0,0.0,0.0,0.0,0.0,0.0,0.0,0.0,0.0,0.0,0.0,0.0,0.0,0.0,0.0,0.0,0.0,0.0,0.0,0.0,0.0,0.0,0.0,0.0,0.0,0.0,0.0,0.0,0.0,0.0
P35568,0.0,0.0,0.0,75.037694443905,0.0,0.0,0.0,0.0,0.0,0.0,0.0,0.0,0.0,0.0,11.239436619718314,0.0,0.0,0.0,0.0,0.0,2.4823313170468527e+32,0.0,0.0,0.0,0.0,0.0,0.0,0.0,0.0,0.0,0.0,0.0,0.0,3768.938743659799,0.0
P36873,0.0,0.0,0.0,0.0,224.59404789583863,0.0,0.0,43.27009908440991,0.0,0.0,0.0,0.0,0.0,65849857627.264786,6077.52051774826,0.0,0.0,0.0,0.0,13462.000747320722,43.179386088425844,72.77171333649748,0.0,0.0,0.0,0.0,0.0,0.0,0.0,0.0,0.0,0.0,0.0,0.0,0.0
P37231,4553355.362837866,376.3578984279131,0.0,0.0,0.0,0.0,0.0,0.0,0.0,0.0,0.0,0.0,0.0,0.0,287108.9449588023,0.0,0.0,0.0,0.0,0.0,243.98954307797425,0.0,0.0,0.0,0.0,0.0,0.0,0.0,0.0,0.0,0.0,98577.36789244322,0.0,0.0,0.0
P40818,0.0,0.0,0.0,0.0,0.0,0.0,0.0,0.0,0.0,0.0,0.0,0.0,0.0,0.0,2.7256166982922205,0.0,0.0,122.73881222840605,0.0,0.0,0.0,0.0,0.0,0.0,0.0,2411.9325842696917,0.0,0.0,0.0,0.0,0.0,0.0,0.0,0.0,0.0
P42566,235990474.5500049,0.0,0.0,0.0,0.0,0.0,0.0,3978.585240361376,6.865356487476495,0.0,3337828.0401882515,0.0,0.0,8.38835474276951e+24,239971.12521269915,0.0,0.0,0.0,0.0,4057.1602152554015,2248.308596621295,303911268.157376,0.0,0.0,0.0,0.0,0.0,1098.1401693855553,0.0,8044339400893051.0,115.65840517241394,195182.00011643654,0.0,1489197.5370331383,0.0
P43487,0.0,0.0,0.0,0.0,0.0,0.0,0.0,0.0,0.0,0.0,818768369.798325,0.0,0.0,0.0,2.7256166982922205,0.0,0.0,0.0,0.0,0.0,39.39908964099556,0.0,0.0,0.0,0.0,0.0,0.0,0.0,0.0,0.0,0.0,106.69439013883854,76.90486995151555,0.0,0.0
P45973,0.0,0.0,0.0,0.0,0.0,0.0,0.0,0.0,0.0,0.0,99371145.55625762,0.0,0.0,0.0,0.0,0.0,0.0,0.0,0.0,0.0,38.64719861731241,0.0,0.0,0.0,0.0,0.0,0.0,0.0,0.0,0.0,0.0,0.0,0.0,0.0,0.0
P45983,102.94387518583052,365.24397391057863,0.0,0.0,0.0,0.0,0.0,0.0,0.0,0.0,0.0,0.0,0.0,0.0,1209913.0401816196,0.0,0.0,0.0,0.0,1160.4000273102579,57966596.01739324,0.0,0.0,0.0,0.0,0.0,0.0,0.0,0.0,5257.849846307844,0.0,16337.878495566778,0.0,5488.517045454575,0.0
P46108,1153685157781.7378,1810408.556513699,700.289256198348,68132003708.66554,0.0,0.0,24234797.2649239,185.9797843665771,144.09209564581815,100.2749836504625,259262.79654379902,0.0,0.0,0.0,1.254004090387365e+31,0.0,0.0,0.0,0.0,1.3698949167093392e+60,1093183.0075810207,323819657.62824976,0.0,0.0,0.0,0.0,0.0,0.0,0.0,0.0,0.0,1715326.346718439,54.17884455213147,0.0,0.0
P46934,1.7695272237289049e+37,1832.3687580025662,46885143.80165299,0.0,0.0,0.0,0.0,11927.021139643892,0.0,2.480884256131278e+29,15.99021033542927,0.0,0.0,0.0,1.5455090279458613e+56,0.0,2.1381393182845324e+20,0.0,0.0,0.0,81.49348923731067,12196.14153877401,3620817.113027438,0.0,0.0,0.0,7526.952211538711,0.0,0.0,1782708206570049.2,1.7941766280580658e+25,4.860737482321901e+23,1.2890628670950077e+59,0.0,34.35654762539882
P46937,1.7882297611984852e+37,2811653.723106906,6847.272727272734,0.0,0.0,0.0,0.0,4770.8084558575565,0.0,2.320251276699996e+16,16.82210326139958,0.0,0.0,0.0,2.4479764561512476e+43,0.0,2762.746961587903,0.0,0.0,0.0,0.0,234.27043544690628,1810408.556513719,0.0,0.0,0.0,7434.562835151804,0.0,3812.071823204422,4.061876343266283e+18,4.310295385461257e+17,5.611044231564588e+17,8.216177499509603e+59,0.0,17.42763585191601
P48730,0.0,0.0,0.0,0.0,0.0,0.0,0.0,239658575.04452628,0.0,0.0,0.0,0.0,0.0,0.0,0.0,0.0,0.0,0.0,0.0,0.0,0.0,0.0,0.0,0.0,0.0,0.0,13.532500772251886,0.0,0.0,0.0,0.0,0.0,0.0,0.0,0.0
P49792,110.41905284455274,0.0,0.0,0.0,0.0,0.0,0.0,0.0,74.85076014691538,0.0,0.0,0.0,0.0,0.0,2537996.6969834454,0.0,0.0,0.0,0.0,0.0,179.21355819001533,79.50738916256162,0.0,0.0,0.0,0.0,0.0,0.0,0.0,0.0,0.0,529.6155269542378,0.0,0.0,15830.2639182057
P50552,0.0,0.0,0.0,0.0,0.0,0.0,0.0,0.0,0.0,19577695.64200388,0.0,0.0,105843716.59577487,0.0,96565.90748970253,0.0,0.0,0.0,0.0,0.0,0.0,0.0,0.0,0.0,0.0,0.0,0.0,0.0,0.0,0.0,0.0,9362913.04357798,113.45371903738453,0.0,0.0
P51114,9.435553789811261e+20,0.0,0.0,0.0,0.0,0.0,0.0,43.232142857142875,68.66888933121025,116.33325505356146,1448654244.5773025,0.0,224396573.25498462,0.0,1.6176848609152488e+52,1.0614734634912477e+17,0.0,0.0,0.0,1.6627751648894386e+25,2.3070357773385983e+25,5.7386361291801395e+23,0.0,1117.255378209584,0.0,0.0,146612881966.8346,3625.3668605742455,1.3574169127456155e+20,77021.4271933863,54.05650874660043,1.1497445532643258e+36,50.92811387900359,0.0,780744912311261.8
P51116,0.0,0.0,0.0,0.0,0.0,0.0,0.0,0.0,0.0,0.0,0.0,0.0,0.0,0.0,0.0,0.0,0.0,0.0,0.0,0.0,0.0,0.0,0.0,0.0,0.0,0.0,0.0,0.0,0.0,0.0,0.0,219.79044368600765,0.0,0.0,15649304.454223514
P51610,50.39960555972956,0.0,0.0,0.0,0.0,0.0,6407.820895522469,0.0,0.0,0.0,0.0,0.0,0.0,0.0,37.800000000000075,0.0,0.0,0.0,0.0,0.0,0.0,0.0,0.0,0.0,0.0,0.0,0.0,0.0,0.0,0.0,0.0,113.88105890466714,0.0,0.0,0.0
P52948,0.0,0.0,0.0,0.0,8663463.043931607,0.0,0.0,0.0,0.0,0.0,0.0,0.0,0.0,0.0,0.0,0.0,0.0,0.0,0.0,0.0,0.0,0.0,0.0,0.0,0.0,0.0,0.0,0.0,0.0,0.0,0.0,0.0,0.0,0.0,0.0
P54274,16553.901816613732,0.0,0.0,0.0,0.0,0.0,0.0,0.0,0.0,0.0,15.984905023440076,0.0,0.0,0.0,1619728373.545575,0.0,0.0,0.0,0.0,0.0,0.0,80.82762256193995,0.0,0.0,0.0,0.0,13.619446623932257,0.0,0.0,0.0,186.92267502612344,19.229260165004984,0.0,0.0,0.0
P54762,0.0,0.0,0.0,0.0,0.0,0.0,0.0,0.0,0.0,0.0,790706470.0282184,0.0,0.0,0.0,0.0,0.0,0.0,0.0,0.0,0.0,230.12650085763323,0.0,0.0,0.0,0.0,0.0,0.0,0.0,0.0,0.0,0.0,0.0,0.0,0.0,0.0
P55072,0.0,0.0,0.0,0.0,0.0,0.0,0.0,0.0,0.0,0.0,0.0,0.0,0.0,0.0,0.0,0.0,0.0,0.0,0.0,33.08804488562799,0.0,0.0,0.0,0.0,0.0,0.0,0.0,0.0,0.0,0.0,0.0,0.0,0.0,0.0,3334580479.7826943
P55196,0.0,0.0,0.0,0.0,0.0,0.0,0.0,0.0,0.0,0.0,0.0,0.0,0.0,0.0,0.0,0.0,118161298105.93227,0.0,0.0,0.0,0.0,0.0,0.0,0.0,0.0,0.0,7516.523290145702,0.0,0.0,0.0,0.0,15.35922038336876,0.0,0.0,611.1360041727471
P55884,0.0,0.0,0.0,0.0,0.0,0.0,0.0,454635.13206070755,0.0,0.0,0.0,0.0,0.0,0.0,0.0,6788997.527277167,0.0,0.0,0.0,0.0,0.0,0.0,0.0,0.0,0.0,0.0,0.0,0.0,0.0,0.0,0.0,0.0,0.0,0.0,0.0
P57105,0.0,0.0,0.0,0.0,0.0,0.0,0.0,14392.396790600855,0.0,0.0,138012.52137906203,0.0,125.45181818181821,105.66154754873025,175527966.5988773,0.0,0.0,0.0,0.0,6.359297570327755e+47,524714661.01176393,0.0,0.0,0.0,0.0,0.0,2.5433144350922268e+16,122.41062942734445,0.0,0.0,3192769.7403799873,80863.47361180487,75490.78455064891,0.0,611.1360041727471
P60484,67042.50895481293,0.0,0.0,0.0,0.0,0.0,0.0,0.0,0.0,0.0,8431.224022304175,0.0,0.0,0.0,228521.57429871787,0.0,0.0,0.0,0.0,0.0,0.0,0.0,0.0,0.0,0.0,0.0,131010.1117386039,0.0,0.0,0.0,0.0,0.0,0.0,0.0,0.0
P60520,462.79985627021256,0.0,0.0,75.037694443905,95656992151727.73,0.0,0.0,42.23191333088507,298800960189.9995,0.0,190575.73303683367,0.0,0.0,0.0,100808464313666.52,0.0,0.0,0.0,0.0,13.405445837907164,1.5379486329464572e+70,0.0,0.0,0.0,3613.838383838402,2333.2826086956798,7656457239.363577,0.0,0.0,1.7611865183170228e+16,158988617898040.94,194.50481742124538,879556540959.645,0.0,619.6623169104876
P60660,0.0,0.0,0.0,0.0,0.0,0.0,0.0,0.0,0.0,0.0,0.0,0.0,0.0,0.0,1131.1153896758933,0.0,0.0,0.0,0.0,0.0,0.0,235.52995391705147,0.0,0.0,0.0,0.0,0.0,0.0,0.0,0.0,0.0,29.70141130891986,0.0,0.0,0.0
P61011,0.0,0.0,0.0,0.0,0.0,0.0,0.0,0.0,0.0,0.0,0.0,0.0,0.0,0.0,0.0,0.0,0.0,0.0,8070.000000000241,0.0,6518525.506739416,112.04238217025944,0.0,0.0,0.0,0.0,0.0,0.0,0.0,0.0,0.0,15.35922038336876,0.0,0.0,16047.291729987552
P61964,0.0,0.0,0.0,0.0,0.0,0.0,0.0,343633.87162143766,0.0,0.0,0.0,0.0,11411843753224.258,0.0,4651076234.767128,0.0,486130.22556910047,0.0,0.0,16.285522092145037,611623.9449745356,4.308069199844363e+17,0.0,0.0,0.0,0.0,0.0,0.0,0.0,149820524.73458353,0.0,0.0,9322126.058386868,0.0,16075.416694470121
P62136,0.0,0.0,0.0,0.0,100508.2663952817,0.0,0.0,475790.2347817063,2.2363383142397038e+39,14.778320375248994,158642.35817099252,0.0,1.3173433178899894e+60,0.0,4.0688391578974924e+29,0.0,0.0,0.0,0.0,0.0,8.363819210114825e+39,1.4178837061559964e+16,0.0,0.0,38859651.07438054,0.0,368.94403868056486,4752106119300.645,7728497.3372781165,0.0,0.0,4302727429764630.5,43.15941854152846,0.0,0.0
P62837,0.0,0.0,0.0,0.0,0.0,0.0,0.0,0.0,0.0,0.0,0.0,0.0,0.0,0.0,0.0,0.0,0.0,0.0,0.0,0.0,0.0,0.0,0.0,0.0,0.0,0.0,0.0,1208.4556201914113,0.0,0.0,0.0,0.0,0.0,0.0,0.0
P62937,0.0,1022.957746478877,739241.3505530802,93.61395517867959,0.0,0.0,0.0,0.0,3465833.0356917675,5837193.681335347,12.359800857016005,0.0,0.0,0.0,1988526.4332745299,0.0,2.1705281642915443e+22,0.0,0.0,0.0,5.98386507001077e+18,0.0,0.0,0.0,0.0,2333.2826086956798,2018393076539.489,1.0521990829910977e+19,0.0,0.0,0.0,1297425.5555685044,0.0,0.0,0.0
P62942,128.24574330379383,0.0,0.0,0.0,0.0,0.0,0.0,0.0,7.006072061120969,0.0,14.107907391112269,0.0,0.0,0.0,12.802139037433165,0.0,0.0,0.0,0.0,0.0,0.0,0.0,0.0,0.0,0.0,0.0,0.0,0.0,0.0,0.0,0.0,0.0,0.0,0.0,0.0
P62993,0.0,0.0,0.0,0.0,0.0,0.0,0.0,0.0,0.0,0.0,0.0,0.0,0.0,63433.29059824848,24877548464.299335,0.0,0.0,0.0,0.0,33.62172302894459,0.0,80.82762256193995,0.0,0.0,0.0,0.0,0.0,0.0,0.0,169.9410647056757,0.0,0.0,0.0,0.0,0.0
P63010,0.0,0.0,0.0,0.0,127.17780264630403,0.0,0.0,42.23191333088507,0.0,308983355450542.44,0.0,0.0,0.0,0.0,13034.049527298175,0.0,0.0,0.0,0.0,0.0,8425583026.267911,0.0,0.0,0.0,0.0,0.0,13.619446623932257,0.0,0.0,0.0,0.0,0.0,0.0,2110.968094405604,34.71529069297324
P63165,67829.15732798513,0.0,0.0,0.0,0.0,0.0,0.0,0.0,0.0,0.0,0.0,0.0,0.0,0.0,7.883644346871572,0.0,0.0,0.0,0.0,0.0,0.0,0.0,0.0,0.0,0.0,0.0,33554089.26096051,0.0,0.0,0.0,0.0,0.0,0.0,0.0,0.0
P63167,0.0,0.0,0.0,0.0,0.0,0.0,0.0,0.0,1387608243.2046494,19745.06644717215,0.0,0.0,0.0,0.0,0.0,0.0,0.0,0.0,0.0,0.0,0.0,0.0,0.0,0.0,0.0,0.0,0.0,0.0,0.0,0.0,1098478.0962755447,215.48082714314458,0.0,0.0,0.0
P68400,34844.93393604855,0.0,0.0,0.0,0.0,0.0,0.0,0.0,0.0,0.0,0.0,0.0,0.0,0.0,1900.2421853414219,0.0,0.0,0.0,0.0,0.0,0.0,0.0,0.0,0.0,0.0,0.0,0.0,0.0,0.0,0.0,0.0,0.0,0.0,0.0,0.0
P78352,0.0,0.0,0.0,0.0,0.0,0.0,0.0,0.0,0.0,259668.0635644411,0.0,0.0,4.297375350091428e+29,0.0,65671805003.59294,0.0,0.0,0.0,0.0,0.0,5377793858461202.0,0.0,0.0,0.0,419.1707528748121,0.0,574020372.3344704,0.0,0.0,0.0,0.0,39325316.51851952,0.0,0.0,17.329806300221207
P83876,0.0,0.0,0.0,0.0,0.0,0.0,0.0,43.232142857142875,0.0,0.0,0.0,0.0,0.0,0.0,855.4083582089588,0.0,0.0,0.0,0.0,0.0,3339.2910387190236,0.0,0.0,0.0,0.0,0.0,7434.562835151804,0.0,0.0,0.0,0.0,0.0,0.0,0.0,0.0
P83916,0.0,0.0,0.0,0.0,0.0,0.0,0.0,0.0,0.0,0.0,0.0,0.0,0.0,0.0,5888.768529754958,0.0,0.0,0.0,0.0,0.0,0.0,0.0,0.0,0.0,0.0,0.0,13.803150787696929,0.0,0.0,0.0,0.0,0.0,0.0,0.0,0.0
P84103,345339249326457.3,279834.95020369947,0.0,5037.700130378113,174.75875169606553,0.0,0.0,0.0,60427297.90312373,3767245.900432004,2.3368301636351418e+17,6433.42657342677,8.966439894958193e+27,3844962.4889958594,8.850407198873128e+57,46090487425375.484,18.671239866863058,0.0,0.0,178438094.17192453,2.207666120183527e+39,2.2297504327856686e+25,0.0,0.0,0.0,0.0,4540417182188547.0,819053.7817458304,0.0,5.659516087176204e+34,280562.8840308812,2085248515.1572187,0.0,2077742.6714294667,32042.901361005745
Q00610,0.0,0.0,0.0,0.0,0.0,0.0,0.0,0.0,0.0,0.0,0.0,0.0,0.0,0.0,1943.6729021541255,0.0,0.0,0.0,0.0,0.0,159377566.8189183,0.0,0.0,0.0,0.0,0.0,0.0,0.0,0.0,0.0,153.99732172748597,0.0,0.0,0.0,21181.73715080977
Q00688,0.0,0.0,0.0,0.0,0.0,0.0,0.0,0.0,0.0,0.0,0.0,0.0,0.0,0.0,121775.53925586065,0.0,0.0,0.0,0.0,0.0,0.0,0.0,0.0,0.0,0.0,0.0,0.0,0.0,0.0,0.0,54.05650874660043,0.0,0.0,0.0,0.0
Q00987,203.9156454830437,0.0,0.0,0.0,0.0,0.0,0.0,0.0,0.0,0.0,0.0,0.0,0.0,0.0,103.06660219316477,0.0,0.0,0.0,0.0,0.0,2240.882293719533,0.0,0.0,0.0,0.0,0.0,0.0,0.0,0.0,0.0,0.0,0.0,75.6358126915896,0.0,0.0
Q05397,53010052.603222996,0.0,0.0,0.0,0.0,0.0,0.0,0.0,0.0,0.0,0.0,0.0,0.0,0.0,3349.423636363653,0.0,0.0,122.73881222840605,0.0,0.0,0.0,0.0,0.0,0.0,0.0,0.0,13.526332813832449,0.0,0.0,0.0,0.0,122.7879573664846,0.0,0.0,17.185104140259117
Q06187,0.0,0.0,0.0,0.0,0.0,0.0,0.0,0.0,0.0,0.0,0.0,0.0,0.0,0.0,0.0,0.0,0.0,0.0,0.0,0.0,0.0,0.0,0.0,0.0,0.0,0.0,13.972115910333516,0.0,0.0,0.0,0.0,0.0,0.0,0.0,0.0
Q06787,0.0,0.0,0.0,0.0,0.0,0.0,0.0,0.0,0.0,436.79750622699913,0.0,2404.1289198606987,0.0,0.0,477.1060145681595,0.0,0.0,0.0,0.0,188399.98096800447,0.0,0.0,0.0,0.0,0.0,0.0,0.0,0.0,1906.035911602211,0.0,0.0,0.0,0.0,0.0,0.0
Q07157,0.0,0.0,0.0,0.0,0.0,0.0,0.0,0.0,7.020461529069415,259668.0635644411,0.0,0.0,0.0,0.0,372303464758824.9,0.0,0.0,0.0,0.0,0.0,286910.9891476027,0.0,0.0,0.0,0.0,0.0,2222638.171001718,0.0,0.0,0.0,0.0,23045699180520.19,0.0,0.0,0.0
Q07866,0.0,0.0,0.0,0.0,0.0,0.0,0.0,0.0,0.0,0.0,0.0,0.0,0.0,0.0,0.0,0.0,0.0,0.0,0.0,0.0,33.528364363363764,0.0,0.0,0.0,0.0,0.0,0.0,0.0,0.0,0.0,0.0,0.0,0.0,0.0,0.0
Q07869,0.0,376.3578984279131,0.0,0.0,0.0,0.0,0.0,0.0,0.0,0.0,0.0,0.0,0.0,0.0,8219.103186233597,0.0,0.0,0.0,0.0,0.0,0.0,0.0,0.0,0.0,0.0,0.0,0.0,0.0,0.0,0.0,0.0,0.0,0.0,0.0,0.0
Q07955,0.0,0.0,0.0,0.0,0.0,0.0,0.0,0.0,0.0,0.0,186148.04673168922,0.0,0.0,0.0,0.0,0.0,0.0,0.0,0.0,0.0,0.0,0.0,0.0,0.0,0.0,0.0,0.0,0.0,0.0,0.0,0.0,0.0,0.0,0.0,0.0
Q08AE8,0.0,0.0,0.0,0.0,0.0,0.0,0.0,0.0,0.0,0.0,0.0,0.0,0.0,0.0,0.0,0.0,0.0,0.0,0.0,0.0,0.0,0.0,0.0,0.0,0.0,0.0,0.0,0.0,0.0,646150047.4596826,0.0,0.0,0.0,0.0,0.0
Q12923,0.0,0.0,0.0,0.0,0.0,0.0,0.0,0.0,0.0,0.0,0.0,0.0,0.0,0.0,7.7643243243243285,0.0,0.0,0.0,0.0,0.0,0.0,0.0,0.0,0.0,0.0,0.0,0.0,0.0,0.0,0.0,0.0,0.0,0.0,0.0,0.0
Q12929,0.0,3658102036.701763,0.0,0.0,0.0,0.0,0.0,0.0,0.0,100.2749836504625,0.0,0.0,0.0,0.0,96971.27341744279,0.0,5537454211.928638,0.0,0.0,0.0,0.0,0.0,0.0,0.0,0.0,0.0,6561.267715143106,0.0,0.0,0.0,0.0,0.0,0.0,0.0,0.0
Q13148,0.0,0.0,0.0,82.67713704932065,0.0,0.0,0.0,0.0,2654913165.0445156,0.0,0.0,0.0,0.0,0.0,0.0,0.0,5537454211.928638,0.0,0.0,0.0,0.0,0.0,0.0,0.0,0.0,0.0,0.0,0.0,0.0,0.0,0.0,0.0,0.0,0.0,0.0
Q13185,0.0,0.0,0.0,0.0,0.0,0.0,0.0,0.0,0.0,0.0,0.0,0.0,0.0,0.0,1666794.5217102938,0.0,0.0,0.0,0.0,0.0,0.0,0.0,0.0,0.0,0.0,0.0,13.803150787696929,0.0,0.0,0.0,0.0,217.6143006792162,0.0,0.0,0.0
Q13257,0.0,0.0,0.0,0.0,0.0,0.0,0.0,367.79584221748433,4.5854318706785175,0.0,16.82210326139958,0.0,0.0,0.0,13.32467532467534,0.0,0.0,0.0,3087.1812080537807,0.0,0.0,19623434609.720894,0.0,0.0,0.0,0.0,0.0,0.0,0.0,0.0,0.0,0.0,449.36571069709464,0.0,0.0
Q13285,0.0,0.0,0.0,0.0,0.0,0.0,0.0,0.0,0.0,0.0,0.0,0.0,0.0,0.0,0.0,0.0,0.0,0.0,0.0,0.0,0.0,0.0,0.0,0.0,0.0,0.0,0.0,0.0,0.0,0.0,0.0,98577.36789244322,0.0,0.0,0.0
Q13368,0.0,0.0,0.0,0.0,0.0,0.0,0.0,0.0,0.0,0.0,0.0,0.0,0.0,0.0,142.7851183391004,0.0,0.0,0.0,0.0,0.0,0.0,0.0,0.0,0.0,0.0,0.0,0.0,0.0,0.0,0.0,0.0,0.0,0.0,0.0,0.0
Q13526,79766.256219068,0.0,0.0,0.0,0.0,0.0,0.0,0.0,0.0,73081568774.78162,0.0,0.0,0.0,0.0,583012.1430578413,0.0,0.0,0.0,0.0,0.0,0.0,0.0,0.0,0.0,0.0,0.0,0.0,0.0,0.0,0.0,0.0,0.0,103.69977939163633,0.0,0.0
Q13617,0.0,0.0,0.0,0.0,0.0,0.0,0.0,0.0,0.0,0.0,0.0,0.0,0.0,0.0,9331.729659682867,0.0,0.0,0.0,0.0,0.0,0.0,0.0,0.0,0.0,0.0,0.0,0.0,0.0,0.0,0.0,0.0,0.0,0.0,0.0,0.0
Q13882,199.3332714272453,971.8098591549335,0.0,0.0,0.0,0.0,82120337.25818875,0.0,0.0,0.0,100594462.36940053,0.0,0.0,104.73360655737721,2.880432295184229e+21,0.0,0.0,0.0,0.0,0.0,0.0,0.0,0.0,0.0,0.0,0.0,13.582047685834505,0.0,0.0,0.0,0.0,0.0,0.0,0.0,1182.251377387268
Q14005,0.0,0.0,0.0,0.0,0.0,0.0,0.0,0.0,7.24191676562669,259668.0635644411,68094610.31071123,0.0,4.297375350091428e+29,0.0,9189056.652681343,0.0,697.2303963318728,0.0,0.0,0.0,15380320768.846912,0.0,0.0,0.0,0.0,0.0,3556221.073602749,0.0,0.0,443643.4206339054,0.0,15.35922038336876,3811.124855692778,0.0,17.519471792765174
Q14145,0.0,0.0,0.0,75.037694443905,0.0,0.0,0.0,0.0,72.04604782290907,0.0,0.0,0.0,0.0,0.0,108.90767224952369,0.0,0.0,0.0,0.0,0.0,0.0,0.0,0.0,0.0,0.0,0.0,0.0,0.0,0.0,0.0,0.0,0.0,0.0,0.0,0.0
Q14155,34517.13347788077,0.0,0.0,0.0,0.0,0.0,0.0,0.0,0.0,0.0,15.937315163959113,0.0,0.0,24251370533798.836,3.499848551953858e+16,0.0,3033549667384.1875,122.73881222840605,0.0,0.0,1413300450.371553,80.82762256193995,7904.901800327449,0.0,0.0,0.0,0.0,0.0,0.0,0.0,0.0,1084707951.0825558,7192.70810606174,0.0,9651809.72538573
Q14160,0.0,0.0,0.0,0.0,0.0,0.0,0.0,0.0,0.0,0.0,8374.681132142976,0.0,0.0,0.0,8.255172413793105,0.0,0.0,0.0,0.0,0.0,3697.3845691944925,0.0,0.0,0.0,0.0,0.0,323466507278.62115,0.0,0.0,0.0,0.0,0.0,0.0,0.0,0.0
Q14498,0.0,0.0,0.0,0.0,0.0,0.0,0.0,0.0,0.0,0.0,155340.28846916705,0.0,59.52636687156263,0.0,0.0,0.0,697.2303963318728,0.0,0.0,0.0,0.0,0.0,0.0,0.0,0.0,0.0,0.0,0.0,0.0,0.0,0.0,0.0,0.0,0.0,0.0
Q14511,0.0,0.0,0.0,1834.7179487179494,226.6226392961883,0.0,0.0,0.0,0.0,0.0,472.02315952528437,0.0,0.0,0.0,0.0,0.0,0.0,0.0,0.0,0.0,184.1012006861075,0.0,0.0,0.0,0.0,0.0,12.500747343533442,0.0,0.0,0.0,0.0,0.0,0.0,0.0,1444057.145614934
Q14527,56.43900686222101,16818124538616.473,0.0,0.0,220.64390132480636,0.0,0.0,0.0,0.0,14.791694420837457,77927552.98367345,0.0,0.0,0.0,1.44380749758425e+33,0.0,18.671239866863058,4027.4296435272277,0.0,7689028418.932817,2.489982234436785e+38,720412.9066179862,0.0,0.0,0.0,0.0,0.0,888.0932242346277,7574126.578608262,0.0,0.0,16624.626311408912,10.774636222638273,0.0,16105411.034219475
Q14847,0.0,0.0,0.0,0.0,0.0,0.0,0.0,0.0,0.0,0.0,0.0,0.0,0.0,0.0,1087.4752066115707,0.0,697.2303963318728,0.0,0.0,0.0,0.0,14854317.740479354,0.0,0.0,0.0,0.0,0.0,0.0,0.0,0.0,115.65840517241394,0.0,77.16380890758118,0.0,55240.123899963684
Q14995,212.03977478515733,0.0,0.0,0.0,1433767789.7357795,0.0,0.0,0.0,0.0,0.0,0.0,0.0,59.38547606239916,0.0,39644.74244794035,0.0,0.0,0.0,0.0,0.0,173.08659893565562,1935417.4424274752,0.0,0.0,0.0,0.0,0.0,0.0,1064.7916666666672,0.0,0.0,0.0,0.0,0.0,17.185104140259117
Q15036,0.0,0.0,0.0,0.0,0.0,0.0,0.0,0.0,0.0,0.0,0.0,0.0,0.0,0.0,0.0,0.0,0.0,0.0,0.0,0.0,720935394.6762515,0.0,0.0,0.0,0.0,0.0,0.0,0.0,0.0,0.0,0.0,258.5769925717746,0.0,0.0,0.0
Q15287,108.17476315259037,0.0,0.0,0.0,0.0,0.0,0.0,18224.541636294314,7.24191676562669,0.0,0.0,0.0,0.0,0.0,1.1290978548549201e+20,0.0,0.0,0.0,0.0,0.0,42608.659775397675,14708266927.589651,0.0,0.0,0.0,0.0,8455778134.769993,0.0,0.0,25307697470373.945,220897229.65345523,471075951.18275356,11908.50681025141,0.0,0.0
Q15326,20357155.77161804,0.0,0.0,0.0,0.0,0.0,0.0,0.0,995.0144961594391,0.0,16.82210326139958,0.0,0.0,0.0,3.7692003050115325e+34,0.0,0.0,0.0,0.0,0.0,4449.839689007996,12760478084.410635,0.0,0.0,0.0,0.0,7509.649469121336,0.0,1949.110169491528,0.0,0.0,0.0,77.16380890758118,0.0,355361.7469097061
Q15365,0.0,0.0,0.0,0.0,0.0,0.0,0.0,0.0,0.0,0.0,0.0,0.0,0.0,0.0,0.0,0.0,0.0,0.0,0.0,0.0,0.0,16052.048382302259,0.0,0.0,0.0,0.0,13.644493882091213,0.0,0.0,0.0,0.0,2336879422610917.0,0.0,0.0,0.0
Q15366,0.0,369.7102725045939,0.0,0.0,0.0,0.0,0.0,0.0,0.0,0.0,0.0,0.0,0.0,0.0,3549719.4311318137,0.0,0.0,0.0,0.0,0.0,0.0,0.0,0.0,0.0,0.0,0.0,0.0,0.0,0.0,0.0,0.0,11588907.918898618,0.0,0.0,0.0
Q15370,0.0,0.0,0.0,0.0,0.0,0.0,0.0,0.0,0.0,0.0,0.0,0.0,159758948750.77066,0.0,0.0,0.0,0.0,0.0,0.0,0.0,0.0,0.0,0.0,0.0,0.0,0.0,0.0,0.0,0.0,0.0,0.0,0.0,0.0,0.0,0.0
Q15406,0.0,0.0,0.0,0.0,0.0,0.0,0.0,0.0,0.0,0.0,0.0,0.0,0.0,0.0,0.0,0.0,0.0,0.0,0.0,0.0,33.41770969549788,0.0,0.0,0.0,0.0,0.0,0.0,0.0,0.0,0.0,0.0,98577.36789244322,0.0,0.0,0.0
Q15560,0.0,0.0,0.0,0.0,0.0,0.0,0.0,0.0,0.0,0.0,0.0,0.0,0.0,0.0,3144.8447861353197,0.0,0.0,0.0,0.0,0.0,0.0,0.0,0.0,0.0,0.0,0.0,0.0,0.0,0.0,0.0,0.0,0.0,0.0,0.0,0.0
Q15700,0.0,0.0,0.0,0.0,0.0,0.0,0.0,0.0,0.0,0.0,0.0,0.0,0.0,0.0,0.0,0.0,0.0,0.0,0.0,0.0,0.0,0.0,0.0,0.0,0.0,0.0,0.0,0.0,0.0,51.233203656411895,0.0,0.0,0.0,0.0,0.0
Q15717,0.0,0.0,0.0,82.67713704932065,0.0,0.0,0.0,0.0,2654913165.0445156,0.0,0.0,0.0,0.0,0.0,0.0,0.0,0.0,0.0,0.0,55002.65817642165,0.0,11772.69687316777,0.0,0.0,0.0,0.0,0.0,0.0,0.0,0.0,0.0,0.0,0.0,0.0,0.0
Q15811,0.0,0.0,0.0,0.0,261.7474596938091,0.0,6407.820895522469,58.01605986714876,20501.14025637167,136647447717439.27,1347908921.0381527,0.0,0.0,1597.1875000000111,2195440936813.0059,0.0,19527.233958570592,46236.95626307247,0.0,1.0084706381744116e+171,31.494762170251477,5.984399403768781e+16,0.0,0.0,0.0,0.0,1.4886670805469878e+17,1800.3522504892464,0.0,339.8821294113514,0.0,3.855771602578229e+49,68.00489983843221,0.0,167758936.22659802
Q15843,0.0,0.0,0.0,0.0,0.0,0.0,0.0,0.0,0.0,73081568774.78162,0.0,0.0,0.0,0.0,0.0,0.0,0.0,0.0,0.0,0.0,0.0,78.09014514896876,0.0,0.0,0.0,0.0,0.0,0.0,0.0,0.0,0.0,0.0,0.0,0.0,0.0
Q16644,0.0,0.0,0.0,0.0,0.0,0.0,0.0,0.0,0.0,0.0,0.0,0.0,0.0,0.0,1361.23190343466,0.0,0.0,0.0,0.0,0.0,0.0,0.0,0.0,0.0,0.0,0.0,0.0,0.0,0.0,0.0,0.0,0.0,0.0,0.0,0.0
Q53EZ4,0.0,0.0,0.0,0.0,0.0,0.0,0.0,0.0,0.0,3913.465582367939,0.0,0.0,0.0,0.0,11.871074380165291,0.0,0.0,0.0,0.0,0.0,0.0,0.0,0.0,0.0,0.0,0.0,0.0,0.0,0.0,0.0,0.0,0.0,13678494136.230577,0.0,0.0
Q53GL7,107.08648585729254,0.0,0.0,0.0,0.0,0.0,0.0,0.0,3955215686029232.0,0.0,403.48270602855627,0.0,2.394685438374454e+17,0.0,3.2690296123161726e+22,0.0,0.0,0.0,0.0,0.0,29345385.379244994,0.0,0.0,0.0,0.0,2411.9325842696917,0.0,0.0,0.0,19028.156936960666,78.41247808299244,105.16289171579277,0.0,0.0,0.0
Q5T0N5,100558.40831408591,8847949289042.014,3605.744680851089,75.037694443905,118635.80028976739,0.0,0.0,0.0,7.24191676562669,7.807007369838807e+17,91537266.30002926,0.0,0.0,4.45156111176752e+17,1.7686356530609598e+22,0.0,18.671239866863058,0.0,0.0,0.0,88.04840032813792,0.0,1010.9670329670415,0.0,0.0,0.0,140080231263.37454,0.0,0.0,13038541436.403841,0.0,55038647550507.26,0.0,0.0,1200.411022504657
Q5T2T1,0.0,0.0,0.0,0.0,0.0,0.0,0.0,0.0,0.0,0.0,0.0,0.0,0.0,0.0,0.0,0.0,0.0,0.0,0.0,0.0,39.0948495665477,0.0,0.0,0.0,0.0,0.0,0.0,0.0,0.0,0.0,0.0,0.0,0.0,0.0,0.0
Q5TCQ9,0.0,0.0,0.0,0.0,0.0,0.0,0.0,0.0,0.0,259668.0635644411,0.0,0.0,0.0,0.0,0.0,0.0,118161298105.93227,0.0,0.0,0.0,38.57358490566041,0.0,0.0,0.0,0.0,0.0,7516.523290145702,0.0,0.0,0.0,0.0,73.75518244496885,0.0,0.0,0.0
Q68DX3,0.0,0.0,0.0,0.0,0.0,0.0,0.0,0.0,0.0,0.0,0.0,0.0,0.0,0.0,0.0,0.0,0.0,0.0,0.0,0.0,0.0,0.0,0.0,0.0,0.0,0.0,7516.523290145702,0.0,0.0,0.0,0.0,0.0,0.0,0.0,0.0
Q6P9H4,0.0,0.0,0.0,0.0,0.0,0.0,0.0,0.0,0.0,0.0,0.0,0.0,0.0,0.0,0.0,0.0,118161298105.93227,0.0,0.0,0.0,0.0,0.0,0.0,0.0,0.0,0.0,0.0,0.0,0.0,0.0,0.0,0.0,0.0,0.0,0.0
Q6PKX4,0.0,0.0,0.0,75.037694443905,57568.45671156252,0.0,0.0,0.0,0.0,0.0,510.5261100966588,0.0,128.99929890161258,0.0,440347.79376801656,0.0,0.0,0.0,0.0,0.0,0.0,0.0,0.0,0.0,0.0,0.0,0.0,0.0,0.0,0.0,54.05650874660043,0.0,0.0,0.0,0.0
Q6XZF7,27307.366993915162,1000.3925020712536,0.0,0.0,0.0,0.0,0.0,0.0,0.0,0.0,12.359800857016005,0.0,212354.9831016907,0.0,1.2383263717391247e+24,0.0,5537454211.928638,0.0,0.0,0.0,246268.8203154556,0.0,0.0,0.0,0.0,0.0,134461.76156644934,0.0,0.0,0.0,0.0,2861.770996877553,0.0,0.0,0.0
Q6ZUM4,8720.526217323006,0.0,0.0,0.0,0.0,0.0,0.0,0.0,0.0,0.0,0.0,0.0,0.0,0.0,1.4033167304834445e+17,0.0,0.0,0.0,0.0,0.0,129713091.8957666,0.0,0.0,0.0,0.0,0.0,0.0,0.0,0.0,0.0,0.0,3443.3780355039366,0.0,0.0,0.0
Q6ZVM7,297477.3707829581,0.0,0.0,0.0,0.0,0.0,0.0,0.0,0.0,0.0,0.0,0.0,0.0,0.0,0.0,0.0,0.0,0.0,0.0,0.0,39.0948495665477,0.0,0.0,0.0,0.0,0.0,0.0,0.0,0.0,0.0,0.0,0.0,0.0,0.0,0.0
Q6ZWJ1,0.0,0.0,0.0,0.0,0.0,0.0,0.0,0.0,0.0,8793903736849.651,0.0,0.0,0.0,0.0,0.0,0.0,0.0,0.0,0.0,0.0,0.0,78.09014514896876,0.0,0.0,0.0,0.0,0.0,0.0,0.0,0.0,0.0,0.0,12192118616027.361,0.0,0.0
Q7Z698,0.0,0.0,0.0,0.0,0.0,0.0,0.0,0.0,995.0144961594391,0.0,0.0,0.0,0.0,0.0,228392.09512606813,0.0,0.0,0.0,0.0,0.0,38.64719861731241,83.60414394765544,0.0,0.0,0.0,0.0,0.0,0.0,0.0,0.0,0.0,0.0,0.0,0.0,0.0
Q7Z699,0.0,0.0,0.0,0.0,0.0,0.0,0.0,0.0,0.0,0.0,0.0,0.0,128.99929890161258,0.0,2757151281.1482882,0.0,6618653819747.319,0.0,3087.1812080537807,0.0,218673.27144649386,48270.60365231143,1010.9670329670415,0.0,0.0,0.0,2174528.004960552,3625.3668605742455,0.0,0.0,5.575956569787021e+46,0.0,0.0,0.0,163211954.65646672
Q7Z6J0,0.0,0.0,654.3243243243252,0.0,0.0,0.0,0.0,464.9494609164427,6.885331786119557,0.0,16.82210326139958,0.0,0.0,24474.554159394458,56142.6667333562,0.0,11345817.560166152,0.0,0.0,0.0,192.8679245283028,80.82762256193995,0.0,0.0,0.0,0.0,313.0648575229046,0.0,0.0,0.0,115.65840517241394,0.0,0.0,0.0,66396054153.979195
Q86UL8,0.0,0.0,0.0,0.0,0.0,0.0,0.0,0.0,0.0,259668.0635644411,0.0,0.0,0.0,0.0,0.0,0.0,0.0,0.0,0.0,0.0,0.0,0.0,0.0,0.0,0.0,0.0,7516.523290145702,0.0,0.0,51.233203656411895,0.0,2265.6442031756947,0.0,0.0,611.1360041727471
Q86V81,400.1652892561988,0.0,0.0,0.0,0.0,0.0,0.0,0.0,7.828792410509421e+21,0.0,16.82210326139958,0.0,26888399995350.3,0.0,6273620559.288681,0.0,4963990364810.489,0.0,0.0,0.0,0.0,13214.292121872333,0.0,0.0,0.0,0.0,13.532500772251886,0.0,0.0,903.2483987096219,39307.59724378697,34.18202856703062,10.866596133500051,0.0,15757.876016607093
Q86YM7,207.08942984853866,366.2271340018589,0.0,0.0,0.0,0.0,0.0,0.0,7.530884313435049,0.0,0.0,0.0,0.0,0.0,5225.410526684413,0.0,0.0,0.0,0.0,0.0,0.0,0.0,0.0,0.0,0.0,0.0,0.0,0.0,0.0,0.0,0.0,29.70141130891986,0.0,0.0,0.0
Q8IUH5,252.23688848850492,0.0,0.0,75.037694443905,3712996746.8450394,0.0,0.0,2562932.8828508575,1424487173.7316246,0.0,504.651759035633,0.0,0.0,8.739386642412609e+18,9.883778554288165e+20,0.0,0.0,0.0,0.0,0.0,69465547838586.53,0.0,0.0,0.0,0.0,0.0,8072035.249890914,0.0,0.0,9334589287.839548,81.16379310344834,1.2994641506178945e+32,0.0,197.56191839656495,17.735140300677756
Q8IV63,0.0,0.0,0.0,0.0,0.0,0.0,0.0,0.0,0.0,0.0,15.958431182725539,0.0,0.0,0.0,0.0,0.0,0.0,0.0,0.0,0.0,0.0,0.0,0.0,0.0,0.0,0.0,13.452753487555935,1208.4556201914113,0.0,0.0,0.0,0.0,0.0,0.0,0.0
Q8IVF2,56.379219778680486,0.0,0.0,0.0,0.0,0.0,0.0,0.0,0.0,0.0,0.0,0.0,0.0,0.0,2.3004484304932737,0.0,2757772424894.717,0.0,0.0,50907448.16433354,778540072.632407,83390.51166057287,0.0,0.0,0.0,0.0,0.0,0.0,0.0,0.0,0.0,0.0,0.0,0.0,31785.05634846486
Q8IVI9,0.0,0.0,0.0,0.0,0.0,0.0,0.0,58.01605986714876,7.24191676562669,0.0,15.8847687901907,0.0,0.0,3203046675973577.0,14282667074.999142,0.0,0.0,0.0,0.0,0.0,0.0,2576462.266871931,7904.901800327449,0.0,0.0,0.0,0.0,0.0,0.0,0.0,0.0,265859.4481475609,0.0,0.0,452854.0562449697
Q8IX03,45101.178641753446,0.0,0.0,0.0,223.45107564191593,0.0,0.0,0.0,6.865356487476495,842829194736854.1,0.0,0.0,0.0,0.0,23858650.77744398,0.0,0.0,0.0,0.0,0.0,0.0,16991.80977628864,0.0,0.0,417.57618985864536,0.0,368.4423355510689,0.0,0.0,0.0,1684202674367843.5,0.0,5.257910513837687e+33,0.0,0.0
Q8IX04,0.0,0.0,0.0,0.0,0.0,0.0,0.0,0.0,0.0,0.0,0.0,0.0,0.0,0.0,10.314962248620771,0.0,0.0,0.0,0.0,0.0,0.0,0.0,0.0,0.0,0.0,0.0,0.0,0.0,0.0,0.0,0.0,0.0,0.0,0.0,0.0
Q8IYB3,0.0,1050.6052531404678,0.0,0.0,0.0,0.0,0.0,0.0,0.0,0.0,29773301349.408863,0.0,0.0,0.0,10911730760896.816,0.0,18.671239866863058,0.0,0.0,6.393339567422182e+16,0.0,146.51696129957006,0.0,0.0,0.0,0.0,0.0,0.0,0.0,0.0,0.0,0.0,0.0,0.0,0.0
Q8IZW8,0.0,0.0,0.0,0.0,0.0,0.0,0.0,0.0,0.0,0.0,0.0,0.0,0.0,0.0,674732.2579245248,0.0,0.0,0.0,0.0,0.0,42.90494083786377,0.0,0.0,0.0,0.0,0.0,0.0,0.0,0.0,0.0,0.0,0.0,0.0,0.0,17.42763585191601
Q8N8S7,0.0,0.0,0.0,0.0,0.0,26647.696551724977,0.0,0.0,7.530884313435049,19577695.64200388,0.0,0.0,0.0,0.0,773778088.4946746,0.0,0.0,0.0,0.0,0.0,43.271649733913904,0.0,0.0,0.0,0.0,0.0,13.619446623932257,0.0,0.0,0.0,0.0,14761222.013735138,93986112818.44391,0.0,0.0
Q8NG31,0.0,0.0,0.0,1267854.3248755203,0.0,0.0,0.0,0.0,4.283439490445861,0.0,0.0,0.0,0.0,116.84193337687807,320554321191.1094,0.0,0.0,0.0,0.0,0.0,95864.50452038401,0.0,0.0,0.0,0.0,0.0,0.0,1098.1401693855553,0.0,1196772172109.882,0.0,1786609.7941992849,78.21723974590998,0.0,0.0
Q8NHP6,4478.0750818841325,0.0,0.0,0.0,147344.61219660944,0.0,0.0,55.09742074582769,7.530884313435049,0.0,0.0,0.0,0.0,0.0,2722.46380686932,0.0,0.0,0.0,0.0,0.0,39.78611409719393,222979285.39299718,0.0,8887225962227160.0,0.0,2411.9325842696917,2212598895771.962,0.0,0.0,0.0,0.0,15.295090026861997,209300397110.5266,0.0,0.0
Q8NI35,0.0,0.0,0.0,0.0,0.0,0.0,0.0,0.0,0.0,519336.1271288822,0.0,0.0,0.0,0.0,285.5702366782008,0.0,18.671239866863058,0.0,0.0,0.0,0.0,0.0,0.0,0.0,0.0,0.0,15033.046580291404,0.0,7430147.957439849,5257.849846307844,0.0,15.36996109692356,0.0,0.0,611.1360041727471
Q8TEJ3,0.0,0.0,603.0960854092531,1834.7179487179494,0.0,0.0,0.0,0.0,0.0,0.0,16.82210326139958,0.0,0.0,24474.554159394458,9410529014.977943,0.0,11345817.560166152,0.0,0.0,0.0,2244060766.0626836,31475.046012500985,0.0,0.0,0.0,0.0,313.0648575229046,0.0,0.0,0.0,115.65840517241394,0.0,0.0,0.0,84014773327107.69
Q8TEW0,213.7429055063233,0.0,153.3665158371042,0.0,0.0,0.0,0.0,0.0,0.0,0.0,8299.259451311775,0.0,0.0,0.0,0.0,0.0,0.0,0.0,0.0,0.0,0.0,0.0,0.0,0.0,0.0,0.0,0.0,0.0,0.0,0.0,0.0,15.35922038336876,0.0,0.0,0.0
Q8TEW6,0.0,0.0,0.0,75.037694443905,0.0,0.0,0.0,0.0,22.687066681697775,0.0,0.0,0.0,0.0,0.0,0.0,0.0,0.0,0.0,0.0,0.0,115.72075471698155,0.0,0.0,0.0,0.0,0.0,0.0,0.0,0.0,0.0,0.0,0.0,0.0,3768.938743659799,0.0
Q8TEW8,213.7429055063233,0.0,0.0,0.0,0.0,0.0,0.0,5497.9101602419505,13667.426837581113,0.0,14.107907391112269,0.0,0.0,0.0,61825618145398.82,0.0,0.0,0.0,0.0,1.7274730598710752e+17,10471218.032816095,0.0,0.0,719.3766756032219,0.0,0.0,3.460677856983703e+17,0.0,0.0,0.0,1700918.787721931,0.0,10.876910890152635,0.0,2844925.904995432
Q8TEX9,0.0,0.0,0.0,0.0,0.0,0.0,0.0,0.0,0.0,0.0,0.0,0.0,0.0,0.0,0.0,0.0,0.0,0.0,0.0,0.0,38.64719861731241,0.0,0.0,0.0,0.0,0.0,0.0,0.0,0.0,0.0,0.0,0.0,0.0,0.0,0.0
Q8TF72,0.0,0.0,0.0,0.0,0.0,0.0,0.0,0.0,0.0,259668.0635644411,0.0,0.0,0.0,0.0,0.0,0.0,118161298105.93227,0.0,0.0,0.0,0.0,0.0,0.0,0.0,0.0,0.0,7516.523290145702,0.0,0.0,0.0,0.0,0.0,0.0,0.0,0.0
Q8WU20,0.0,0.0,0.0,0.0,0.0,0.0,0.0,0.0,0.0,0.0,15.963718933283097,0.0,0.0,0.0,1871944.4303757106,0.0,0.0,0.0,0.0,0.0,0.0,0.0,0.0,0.0,0.0,0.0,0.0,0.0,0.0,0.0,0.0,0.0,0.0,0.0,0.0
Q8WUM4,0.0,0.0,0.0,0.0,257.14867562891067,0.0,82120337.25818875,0.0,0.0,0.0,0.0,0.0,0.0,0.0,1291.7115037074375,0.0,0.0,0.0,0.0,2385660.6511520557,1728168747711.0261,0.0,0.0,0.0,0.0,0.0,0.0,0.0,0.0,117855.93717029747,308.4224137931037,3.480278062850082e+38,0.0,0.0,127036.95202780137
Q8WV41,247.54410916778838,0.0,0.0,9914959.49306085,0.0,0.0,0.0,58.01605986714876,7.24191676562669,0.0,9940.9567344216,0.0,0.0,0.0,125820.23441469786,0.0,0.0,0.0,0.0,0.0,99048.02568245424,21250.67466795387,0.0,0.0,0.0,0.0,7523.518345522472,0.0,0.0,0.0,1.3291374637523137e+20,265859.4481475609,0.0,0.0,53092.71603429104
Q92499,0.0,0.0,0.0,0.0,0.0,0.0,0.0,0.0,114.12688805195442,0.0,0.0,0.0,0.0,0.0,126.00000000000058,0.0,0.0,0.0,0.0,0.0,0.0,0.0,0.0,0.0,0.0,0.0,13.434483564304387,0.0,0.0,0.0,0.0,0.0,0.0,0.0,0.0
Q92783,0.0,0.0,0.0,1267854.3248755203,0.0,0.0,0.0,0.0,7.24191676562669,0.0,0.0,0.0,0.0,0.0,238.4890351992531,0.0,0.0,0.0,0.0,0.0,0.0,0.0,0.0,0.0,0.0,0.0,325.289925882633,0.0,0.0,0.0,0.0,0.0,0.0,0.0,0.0
Q92793,0.0,0.0,0.0,0.0,0.0,0.0,0.0,0.0,7.658367543037633,0.0,0.0,0.0,0.0,0.0,0.0,0.0,0.0,0.0,0.0,0.0,0.0,73.50431447746888,0.0,0.0,0.0,0.0,0.0,0.0,0.0,0.0,0.0,1152320455.7402222,10.815314415078623,0.0,0.0
Q92796,0.0,0.0,0.0,0.0,0.0,0.0,0.0,0.0,0.0,0.0,16.000831531268148,0.0,0.0,0.0,0.0,0.0,118161298105.93227,0.0,0.0,0.0,0.0,0.0,0.0,0.0,0.0,0.0,0.0,0.0,0.0,0.0,0.0,0.0,0.0,0.0,0.0
Q92870,0.0,0.0,0.0,0.0,0.0,0.0,0.0,0.0,0.0,0.0,0.0,0.0,0.0,0.0,0.0,0.0,0.0,0.0,0.0,0.0,0.0,0.0,0.0,0.0,0.0,0.0,0.0,0.0,0.0,0.0,0.0,0.0,0.0,0.0,34.35654762539882
Q93009,8242144310449572.0,0.0,0.0,748685417451.14,12441890735.25596,4395.808873720264,0.0,3.777341175081069e+38,1.0275976190703486e+28,2.0490842058664698e+21,643593393702368.1,0.0,2.4572752625033798e+95,116.84193337687807,1.795852227972987e+82,0.0,5537454211.928638,8688233722.218908,6174.362416107561,9.42196631812081e+202,5.4036053410893105e+72,1.6905377427012166e+79,1810408.556513719,95488489.42603642,3288.998978549562,5749.8750000000755,5.477136428838901e+67,281576554612.26117,0.0,1.2484254521852178e+17,1.7796588911154963e+22,113547.96576546776,7.491232838841438e+26,17105589102.313425,1.118988420312651e+26
Q96BD6,0.0,0.0,0.0,0.0,0.0,0.0,0.0,0.0,0.0,14.791694420837457,8374.681132142976,0.0,0.0,0.0,26.501845018450226,0.0,0.0,0.0,0.0,0.0,0.0,0.0,0.0,0.0,0.0,0.0,0.0,0.0,0.0,0.0,0.0,0.0,0.0,0.0,0.0
Q96BP3,1.4181822060726266e+19,0.0,608.5098743267515,93.61395517867959,0.0,0.0,6407.820895522469,55.12823585810166,38129.34828086641,411832634.4887441,9416.628240085818,0.0,9055102095345.195,0.0,1.300685733045929e+36,0.0,0.0,122.73881222840605,0.0,2690398.464982361,18484514101.41963,0.0,0.0,0.0,0.0,0.0,34295553984099.62,0.0,0.0,1466559290661639.8,81.16379310344834,1279349654.1579657,757595.936310039,0.0,17.198781103363185
Q96CW1,0.0,0.0,1.5415112669080808e+16,0.0,91485.31863141262,0.0,0.0,5355.403416845322,13703.96736152245,2326132899618.275,15.942588928076903,0.0,0.0,0.0,0.0,0.0,0.0,0.0,0.0,0.0,0.0,14677972153.204308,0.0,0.0,419.1707528748121,0.0,13.644493882091213,1116558986847.7769,0.0,0.0,3.105415976851097e+21,0.0,0.0,0.0,0.0
Q96D71,0.0,0.0,0.0,0.0,0.0,0.0,0.0,44.60148674854559,0.0,0.0,0.0,0.0,0.0,146923.06347566645,0.0,0.0,0.0,0.0,0.0,0.0,0.0,79.79703356752543,0.0,0.0,0.0,0.0,0.0,900.1761252446232,0.0,0.0,0.0,34.18202856703062,0.0,28409798.50691981,0.0
Q96I25,43322886.59229766,0.0,0.0,0.0,0.0,0.0,0.0,25679630.657889318,0.0,0.0,0.0,0.0,0.0,0.0,93.83914160341736,0.0,0.0,0.0,0.0,0.0,52.19363936977248,0.0,0.0,0.0,0.0,0.0,0.0,0.0,0.0,0.0,0.0,73.75518244496885,0.0,0.0,0.0
Q96J02,5.288459224631571e+29,1832.3687580025662,1185078216054229.5,0.0,0.0,0.0,0.0,31099238306.12017,1.2332022793751562e+20,4.9798658588930805e+22,0.0,0.0,0.0,590.3795379537968,2.9127338044878386e+43,0.0,18.671239866863058,0.0,0.0,0.0,0.0,16769.694615814264,5431225.669541157,0.0,0.0,0.0,0.0,897.1246807522673,0.0,16942862948833.002,7017511143199349.0,1.6412906021202746e+23,1.3067735621838465e+59,0.0,591.5961428828052
Q96L92,0.0,0.0,153.3665158371042,0.0,0.0,4395.808873720264,0.0,0.0,6131244.602478368,18488.111914432182,0.0,0.0,0.0,0.0,71645.20435292025,0.0,0.0,0.0,0.0,0.0,71210894580982.36,0.0,0.0,0.0,0.0,0.0,0.0,0.0,0.0,0.0,0.0,0.0,0.0,0.0,0.0
Q96LT9,0.0,0.0,0.0,82.67713704932065,0.0,0.0,0.0,0.0,2654913165.0445156,116.33325505356146,0.0,0.0,0.0,0.0,24640777884.83572,0.0,5537454211.928638,0.0,0.0,0.0,115.72075471698155,0.0,0.0,0.0,0.0,0.0,590871831.0358459,0.0,0.0,0.0,0.0,7320.035023743361,0.0,0.0,0.0
Q96PU5,2.9688076048620765e+26,0.0,10270.909090909101,0.0,0.0,0.0,0.0,11927.021139643892,8.055829373274898e+22,68885579271988.95,16.82210326139958,0.0,0.0,0.0,4.318461689757878e+39,0.0,0.0,0.0,0.0,0.0,0.0,16769.694615814264,0.0,0.0,0.0,0.0,556.2129526696626,0.0,0.0,585790474294.7522,5614008914559480.0,4439241200396592.5,2.3547911481373747e+38,0.0,0.0
Q96PY6,0.0,0.0,0.0,0.0,0.0,0.0,0.0,434405.0829931384,0.0,0.0,0.0,0.0,0.0,0.0,0.0,0.0,0.0,0.0,0.0,0.0,0.0,0.0,0.0,0.0,0.0,0.0,0.0,0.0,0.0,0.0,0.0,0.0,0.0,0.0,0.0
Q96QZ7,1.760604028703499e+33,916.1843790012831,3423.636363636367,0.0,0.0,0.0,0.0,4770.8084558575565,0.0,4.803518105453823e+19,969428611.0286732,0.0,0.0,0.0,1.176134343220825e+43,0.0,118161298105.93227,0.0,0.0,0.0,367301.3628744748,156.18029029793752,0.0,0.0,0.0,0.0,577450927.167401,0.0,1906.035911602211,8471431474416.501,9.296445503113549e+19,2.0616382726382698e+21,4.526172417055288e+57,0.0,31494.784849435368
Q96RN5,1657588.623862805,0.0,0.0,0.0,0.0,0.0,0.0,0.0,0.0,0.0,0.0,0.0,0.0,0.0,0.0,0.0,0.0,0.0,0.0,0.0,0.0,0.0,0.0,0.0,0.0,0.0,0.0,0.0,0.0,0.0,0.0,0.0,0.0,0.0,0.0
Q96RT1,0.0,0.0,0.0,0.0,0.0,0.0,0.0,0.0,0.0,259668.0635644411,0.0,0.0,0.0,0.0,23.019230769230816,0.0,118161298105.93227,0.0,0.0,0.0,0.0,80.67876874506717,0.0,0.0,0.0,0.0,7516.523290145702,0.0,0.0,0.0,0.0,73.75518244496885,0.0,0.0,0.0
Q96RU3,0.0,0.0,0.0,0.0,0.0,0.0,0.0,0.0,75.21677853394175,259668.0635644411,16.82210326139958,0.0,0.0,0.0,728342733780.1757,0.0,18.671239866863058,0.0,0.0,0.0,88.04840032813792,0.0,1010.9670329670415,0.0,0.0,0.0,349.3237816992861,0.0,0.0,13038541436.403841,0.0,3650646305.788427,0.0,0.0,0.0
Q96ST3,320.6143582594854,1050.6052531404678,0.0,93.61395517867959,0.0,0.0,0.0,0.0,22.687066681697775,0.0,16.82210326139958,0.0,0.0,0.0,595474.0258426273,0.0,0.0,0.0,0.0,1055972319.5467912,4364.805022863398,1.3305425630533643e+20,0.0,0.0,0.0,0.0,0.0,900.1761252446232,0.0,0.0,0.0,0.0,0.0,0.0,16266324017011.584
Q96T58,354.8132231404971,0.0,0.0,0.0,227.79837283339276,0.0,0.0,0.0,67592021724887.125,0.0,15.984905023440076,0.0,50222404.0786595,0.0,1781780970125.4226,0.0,0.0,0.0,0.0,0.0,119055482.76346779,478092275426645.9,0.0,0.0,0.0,0.0,0.0,0.0,0.0,0.0,0.0,0.0,0.0,0.0,0.0
Q99704,0.0,0.0,0.0,0.0,0.0,0.0,0.0,0.0,0.0,0.0,0.0,0.0,0.0,0.0,2998.401410288878,0.0,0.0,0.0,0.0,2.8383830841604867e+61,96.43396226415109,0.0,0.0,0.0,0.0,0.0,0.0,0.0,0.0,0.0,0.0,0.0,0.0,0.0,0.0
Q99816,27132.767460705967,0.0,4.794657499785799e+25,0.0,0.0,0.0,0.0,142.64730204672327,0.0,4424.668986715716,0.0,0.0,128.99929890161258,1.5720272946281114e+36,3.754338795295693e+22,0.0,0.0,0.0,0.0,0.0,38928814199.485565,0.0,0.0,0.0,0.0,0.0,171088.2035366339,811711.6047192578,0.0,0.0,2.6351789049748183e+28,1.0301599216983054e+95,787492694028867.9,192.20020294872643,903.9406812309421
Q9BTA9,0.0,0.0,3423.636363636367,0.0,0.0,0.0,0.0,58.01605986714876,121.25286538318066,8793903736849.651,0.0,0.0,0.0,0.0,512.6125377643511,0.0,2481995182405.2446,0.0,0.0,17.893105817979084,14239.873275631964,0.0,0.0,0.0,0.0,0.0,0.0,0.0,0.0,1.5337885636554563e+18,0.0,189.4745204189722,0.0,0.0,34.35654762539882
Q9BXW4,0.0,0.0,0.0,0.0,2617782480.61436,0.0,0.0,42.23191333088507,3175.9926222001177,0.0,12.080868540784452,0.0,0.0,0.0,80021000.00656241,1842.416555407214,0.0,0.0,0.0,297168.20603961876,2.4813210630237592e+63,0.0,0.0,0.0,0.0,2333.2826086956798,0.0,0.0,0.0,206910.43532241607,3.1299353168772292e+16,0.0,104893882678886.58,0.0,17.735140300677756
Q9BYB0,0.0,0.0,153.3665158371042,0.0,0.0,0.0,0.0,0.0,0.0,0.0,0.0,0.0,1.4293612873579958e+58,0.0,14955218480.939938,0.0,0.0,0.0,0.0,0.0,10705752.77558374,109.79591836734708,0.0,0.0,0.0,0.0,354.8403566711174,0.0,0.0,0.0,0.0,0.0,0.0,0.0,611.1360041727471
Q9BYG4,0.0,0.0,0.0,0.0,0.0,0.0,0.0,0.0,0.0,4000643516.486064,510.0187969696997,0.0,4.297375350091428e+29,0.0,2.2807240393775805,0.0,0.0,0.0,0.0,0.0,839094892.1288419,0.0,0.0,0.0,0.0,0.0,2222638.171001718,0.0,0.0,0.0,0.0,0.0,0.0,0.0,17.329806300221207
Q9BYW2,2617238.922165994,0.0,0.0,0.0,0.0,0.0,0.0,21579.62860778151,0.0,0.0,0.0,0.0,0.0,0.0,9634985479.730349,0.0,0.0,0.0,0.0,0.0,6002372168.022251,0.0,0.0,0.0,0.0,0.0,13.606957447752587,0.0,0.0,0.0,0.0,19746.097053155347,0.0,0.0,34.35654762539882
Q9BZB8,102.94387518583052,0.0,0.0,0.0,0.0,0.0,0.0,0.0,2654913165.0445156,0.0,0.0,0.0,0.0,0.0,39661.87589838375,0.0,0.0,0.0,0.0,0.0,31.79141613103879,0.0,0.0,0.0,0.0,0.0,0.0,0.0,0.0,0.0,35278.840739576095,62124.278723883566,2361882456.6549935,0.0,0.0
Q9GZQ8,0.0,0.0,0.0,0.0,2617782480.61436,0.0,82120337.25818875,110.25647171620332,113664.42740631764,0.0,60120702.020312525,0.0,31476.317370247947,0.0,9.770213235581364e+17,2.346811538714051e+20,0.0,0.0,0.0,2369705774.130406,1.8176167775137597e+74,0.0,0.0,0.0,0.0,2333.2826086956798,12.897337763384783,0.0,0.0,206910.43532241607,3588327605.8041058,0.0,3025.802158156086,0.0,17.735140300677756
Q9GZV5,184401480848900.97,0.0,3423.636363636367,0.0,0.0,0.0,0.0,0.0,0.0,16122156850891.031,16.82210326139958,0.0,0.0,0.0,1.0019869280824795e+26,0.0,0.0,0.0,0.0,0.0,0.0,156.18029029793752,0.0,0.0,0.0,0.0,0.0,0.0,0.0,0.0,2.320928284479138e+17,3730892253.8764873,1.4962321116352384e+48,0.0,34.35654762539882
Q9H0M0,0.0,0.0,3423.636363636367,0.0,0.0,0.0,0.0,55.12823585810166,1.2332022793751562e+20,17587807473699.303,0.0,0.0,0.0,0.0,0.0,0.0,0.0,0.0,0.0,0.0,0.0,156.18029029793752,0.0,0.0,0.0,0.0,13.606957447752587,0.0,0.0,0.0,3087704903007713.0,0.0,3.3523855747064303e+27,0.0,0.0
Q9H0R8,0.0,0.0,0.0,75.037694443905,2617782480.61436,0.0,0.0,0.0,6.865356487476495,0.0,14.046211003104489,0.0,0.0,0.0,221496396.92528254,0.0,0.0,0.0,0.0,6.193942574197278e+28,4.794736219637677e+52,0.0,0.0,0.0,0.0,0.0,7384.273077906768,0.0,0.0,0.0,88187445200.27739,0.0,2134594161077.5332,0.0,17.735140300677756
Q9H190,0.0,0.0,0.0,0.0,0.0,0.0,0.0,0.0,0.0,259668.0635644411,0.0,0.0,0.0,0.0,0.0,0.0,118161298105.93227,0.0,0.0,0.0,0.0,0.0,0.0,0.0,0.0,0.0,7516.523290145702,0.0,0.0,5257.849846307844,0.0,0.0,0.0,0.0,17.519471792765174
Q9H1Y0,0.0,0.0,0.0,0.0,0.0,0.0,0.0,0.0,0.0,0.0,14.224536091127366,0.0,0.0,0.0,230203.78203931477,0.0,0.0,0.0,0.0,0.0,0.0,0.0,0.0,0.0,0.0,0.0,13.532500772251886,0.0,0.0,0.0,0.0,0.0,0.0,0.0,0.0
Q9H3P7,0.0,0.0,0.0,0.0,0.0,0.0,0.0,0.0,0.0,0.0,0.0,0.0,0.0,0.0,0.0,0.0,0.0,0.0,0.0,0.0,39.39908964099556,0.0,0.0,0.0,0.0,0.0,0.0,0.0,0.0,0.0,0.0,0.0,0.0,0.0,0.0
Q9H492,0.0,0.0,0.0,0.0,406155300809.73096,0.0,82120337.25818875,4656.34175768788,4418084644521.566,0.0,12306.625049959031,0.0,26888399995350.3,0.0,5.093150089005529e+29,2.346811538714051e+20,0.0,0.0,0.0,90423795742.69048,3.2472928558205797e+84,0.0,0.0,0.0,3613.838383838402,2333.2826086956798,12.897337763384783,0.0,0.0,206910.43532241607,3588327605.8041058,0.0,56506398801.69612,0.0,618.1631338857043
Q9H4B6,383734429.3325561,0.0,0.0,0.0,0.0,0.0,0.0,0.0,6.865356487476495,453831104858306.2,16.82210326139958,0.0,0.0,0.0,4.406268996622685e+17,0.0,0.0,0.0,0.0,0.0,222.53991291727226,156.18029029793752,0.0,0.0,417.57618985864536,0.0,0.0,0.0,0.0,0.0,0.0,63976.36043472252,564408280.9096043,0.0,0.0
Q9H5P4,0.0,0.0,0.0,0.0,0.0,0.0,0.0,0.0,0.0,0.0,0.0,0.0,0.0,0.0,4255.156564500063,0.0,118161298105.93227,0.0,0.0,0.0,37.994619278558545,0.0,0.0,0.0,0.0,0.0,7516.523290145702,0.0,0.0,0.0,0.0,21614.245698296196,0.0,0.0,0.0
Q9H6T3,0.0,0.0,0.0,0.0,0.0,0.0,0.0,0.0,0.0,0.0,0.0,0.0,0.0,0.0,994.4307692307713,0.0,0.0,0.0,0.0,0.0,0.0,0.0,0.0,0.0,0.0,0.0,0.0,0.0,0.0,0.0,0.0,0.0,0.0,0.0,0.0
Q9H7B4,0.0,0.0,0.0,0.0,0.0,0.0,0.0,0.0,0.0,0.0,0.0,0.0,0.0,0.0,0.0,0.0,0.0,0.0,0.0,0.0,31.94184869948218,0.0,0.0,0.0,0.0,0.0,0.0,0.0,0.0,0.0,0.0,0.0,0.0,0.0,0.0
Q9H8S9,0.0,0.0,0.0,0.0,0.0,0.0,0.0,0.0,0.0,0.0,3324238488433159.0,0.0,0.0,0.0,0.0,0.0,0.0,0.0,0.0,0.0,0.0,0.0,0.0,0.0,0.0,0.0,0.0,0.0,0.0,0.0,0.0,0.0,0.0,0.0,0.0
Q9H987,0.0,0.0,0.0,0.0,0.0,0.0,0.0,0.0,0.0,0.0,0.0,0.0,0.0,0.0,142.7851183391004,0.0,0.0,0.0,0.0,0.0,0.0,0.0,0.0,0.0,0.0,0.0,0.0,0.0,0.0,0.0,0.0,0.0,0.0,0.0,0.0
Q9H9E1,0.0,0.0,0.0,0.0,0.0,0.0,0.0,0.0,9311.822971552403,0.0,0.0,0.0,0.0,0.0,322669820.40533924,0.0,0.0,0.0,0.0,0.0,0.0,0.0,0.0,0.0,0.0,0.0,13.606957447752587,0.0,0.0,0.0,0.0,0.0,0.0,0.0,35.54320469798658
Q9HAU4,0.0,0.0,0.0,0.0,0.0,0.0,0.0,0.0,0.0,8793903736849.651,0.0,0.0,0.0,0.0,0.0,0.0,0.0,0.0,0.0,0.0,0.0,78.09014514896876,0.0,0.0,0.0,0.0,0.0,0.0,0.0,0.0,0.0,0.0,6602831926829.27,0.0,34.35654762539882
Q9HD26,0.0,0.0,0.0,0.0,0.0,0.0,0.0,0.0,0.0,0.0,8299.261565533361,0.0,0.0,0.0,1327555256.5106556,0.0,0.0,0.0,0.0,17.77865098332251,0.0,0.0,0.0,0.0,0.0,0.0,13.625699813383099,0.0,0.0,0.0,14920.38866550891,0.0,0.0,0.0,0.0
Q9NSB8,153118286070.02347,0.0,0.0,0.0,0.0,0.0,0.0,0.0,7.530884313435049,1151057399.2724972,0.0,0.0,0.0,0.0,1.3958251344071145e+24,0.0,118161298105.93227,0.0,0.0,0.0,2995.5469470892376,0.0,0.0,0.0,0.0,0.0,0.0,0.0,0.0,22479800636910.17,0.0,3.0901941334891664e+22,5.45765510021258e+25,2110.968094405604,0.0
Q9NSC5,207.08942984853866,366.2271340018589,0.0,0.0,0.0,0.0,0.0,0.0,7.530884313435049,2777725321.161061,0.0,0.0,0.0,0.0,89449.15740699726,0.0,0.0,0.0,0.0,29.673264452591635,190072.86043724508,0.0,0.0,0.0,0.0,0.0,13.404143718856544,0.0,0.0,0.0,0.0,13277468064454.104,113.45371903738453,2110.968094405604,0.0
Q9NYB9,272.933248569613,0.0,0.0,0.0,0.0,0.0,0.0,0.0,24.512878422615284,0.0,16.000831531268148,0.0,0.0,24474.554159394458,3.3751109379408904e+29,0.0,0.0,125.57004972214112,0.0,0.0,55786380626.708534,161.6552451238799,15809.803600654897,0.0,0.0,0.0,0.0,885.1230127823367,0.0,0.0,0.0,21807.439118676408,0.0,0.0,3776365333.601194
Q9NZ52,0.0,0.0,0.0,0.0,0.0,0.0,0.0,0.0,0.0,519336.1271288822,1.7346812762920016e+26,0.0,0.0,0.0,4074848195.866571,0.0,0.0,0.0,0.0,0.0,39.0948495665477,194.70476190476205,0.0,0.0,0.0,0.0,0.0,0.0,992.784172661871,0.0,71.63359288097895,1112226039493.0793,360194064.0809449,0.0,17.77160234899329
Q9NZC7,43014.001360545495,0.0,0.0,0.0,0.0,0.0,0.0,0.0,7.658367543037633,16122156850891.031,0.0,0.0,0.0,0.0,3.1289922531483516e+16,0.0,11345817.560166152,0.0,0.0,0.0,0.0,78.09014514896876,0.0,0.0,0.0,0.0,0.0,0.0,1906.035911602211,7412502540114.438,0.0,0.0,1.6327389988664248e+19,0.0,0.0
Q9NZJ4,0.0,0.0,0.0,0.0,0.0,0.0,0.0,44.60148674854559,7.472349385567689,1709392.0070835066,0.0,0.0,0.0,0.0,583012.1430578413,0.0,1217986637667727.5,0.0,0.0,16.004198294008173,0.0,0.0,0.0,0.0,0.0,0.0,6330.288812949809,0.0,0.0,0.0,211.8932613845753,1148.8736476334623,0.0,0.0,0.0
Q9NZN5,0.0,0.0,0.0,0.0,0.0,0.0,0.0,0.0,0.0,0.0,0.0,0.0,0.0,0.0,67.14718425369058,0.0,118161298105.93227,0.0,0.0,0.0,37.994619278558545,0.0,0.0,0.0,0.0,0.0,7516.523290145702,0.0,0.0,0.0,0.0,0.0,0.0,0.0,611.1360041727471
Q9P0L0,0.0,0.0,0.0,0.0,0.0,0.0,0.0,0.0,0.0,0.0,0.0,0.0,0.0,0.0,0.0,0.0,0.0,0.0,0.0,0.0,37.9234683061268,0.0,0.0,0.0,0.0,0.0,0.0,0.0,0.0,0.0,0.0,0.0,0.0,0.0,0.0
Q9P202,68.05880239267825,0.0,0.0,0.0,0.0,0.0,0.0,0.0,0.0,0.0,0.0,0.0,4.297375350091428e+29,0.0,1.112621963360752e+18,6.667304926729656e+23,118161298105.93227,0.0,0.0,0.0,36.554390027927276,0.0,0.0,0.0,0.0,0.0,1.0164899832529888e+17,0.0,0.0,0.0,0.0,51021.20334534996,0.0,0.0,611.1360041727471
Q9P227,9408.375210400627,0.0,0.0,0.0,0.0,0.0,0.0,0.0,0.0,0.0,0.0,0.0,0.0,0.0,5476008.9843810275,0.0,0.0,0.0,0.0,0.0,0.0,1.9615252792786868e+16,0.0,0.0,0.0,0.0,7516.523290145702,0.0,0.0,0.0,0.0,22016.15127868555,30538109125.306522,0.0,17.519471792765174
Q9UBQ0,0.0,0.0,0.0,0.0,0.0,0.0,0.0,0.0,0.0,0.0,0.0,0.0,0.0,0.0,0.0,0.0,0.0,0.0,0.0,0.0,40.34090054874842,0.0,0.0,0.0,0.0,0.0,0.0,0.0,0.0,0.0,0.0,14.180028624903674,0.0,0.0,0.0
Q9UBZ9,0.0,0.0,0.0,0.0,0.0,0.0,0.0,0.0,69.75887170154691,0.0,0.0,0.0,0.0,0.0,0.0,0.0,697.2303963318728,0.0,0.0,0.0,0.0,0.0,0.0,0.0,0.0,0.0,0.0,0.0,0.0,0.0,0.0,0.0,0.0,192.20020294872643,17.42763585191601
Q9UDY2,0.0,0.0,0.0,0.0,0.0,0.0,0.0,0.0,0.0,259668.0635644411,0.0,0.0,0.0,0.0,0.0,0.0,0.0,0.0,0.0,0.0,38.57358490566041,0.0,0.0,0.0,0.0,0.0,0.0,0.0,0.0,0.0,0.0,0.0,0.0,0.0,611.1360041727471
Q9UHX1,175011033362379.56,916.1843790012831,0.0,0.0,0.0,0.0,0.0,467.1530128639148,0.0,14.023871587323368,5.281407853641617e+19,0.0,5.4150933230626365e+19,104.7949619214999,3.4976243166897667e+21,0.0,5537454211.928638,0.0,0.0,0.0,1.3788391334764095e+19,0.0,1386.3074052812983,0.0,871.1931818181861,0.0,0.0,0.0,0.0,0.0,84.1152037617556,2616730450388.618,250979.18938130065,0.0,15256.028001734972
Q9UI08,25186062.48953676,0.0,0.0,0.0,159.81123335263496,0.0,0.0,0.0,6.865356487476495,19577695.64200388,16.82210326139958,0.0,125.45181818181821,0.0,4627081363530501.0,0.0,0.0,0.0,0.0,16.285522092145037,0.0,0.0,0.0,0.0,0.0,0.0,13.619446623932257,0.0,0.0,0.0,0.0,37.63534994623409,12795688844543.594,0.0,16047.291729987552
Q9UJY4,0.0,1810408.556513699,0.0,0.0,0.0,0.0,0.0,0.0,254.2451439701019,0.0,15.937315163959113,0.0,0.0,0.0,200537055537.7681,0.0,5537454211.928638,0.0,0.0,0.0,2647.8761272336287,0.0,0.0,0.0,0.0,0.0,0.0,0.0,0.0,0.0,198994.71104667193,7.048878621005614e+30,0.0,0.0,17.77160234899329
Q9UJY5,483.8362133734065,1760810.6811961276,0.0,0.0,0.0,0.0,0.0,4987.336007486467,254.2451439701019,0.0,257468.29711897543,0.0,0.0,0.0,1.4513361060091338e+17,0.0,7910648874.183769,0.0,0.0,16.004198294008173,404191867.9311194,86.40743871513112,0.0,714.2701863354084,0.0,0.0,124563.32411209837,0.0,0.0,3.918698057559391e+19,397989.42209334386,81656.25276486152,26358.925173426036,0.0,31664200803034.586
Q9UKM9,2099322813781.6487,0.0,0.0,0.0,123.94675049720952,0.0,0.0,0.0,3185895798.053418,0.0,8.752137525865112e+17,6433.42657342677,5447180789128.527,0.0,1.7258036741911954e+36,1.0614734634912477e+17,0.0,0.0,0.0,6.899165695506859e+49,5.3623752318566694e+17,19.36718453959834,0.0,0.0,0.0,0.0,13.619446623932257,3972780669.1115565,992.784172661871,61179.710294342105,0.0,5.001303096758202e+16,0.0,0.0,355361.7469097061
Q9ULH1,0.0,0.0,654.3243243243252,0.0,0.0,0.0,0.0,3978.585240361376,7.006072061120969,100.2749836504625,0.0,0.0,0.0,0.0,44059.57654000366,0.0,0.0,0.0,0.0,2.930899127440393e+34,239754595.93853775,14375.53129952846,0.0,0.0,0.0,0.0,8068.412362217246,0.0,0.0,0.0,2420148.910448356,0.0,1817.7873022906151,0.0,17.926394405952585
Q9ULJ8,0.0,0.0,0.0,0.0,0.0,0.0,0.0,0.0,0.0,0.0,0.0,0.0,0.0,0.0,0.0,0.0,118161298105.93227,0.0,0.0,0.0,0.0,0.0,0.0,0.0,0.0,0.0,7516.523290145702,0.0,0.0,0.0,0.0,73.75518244496885,0.0,0.0,0.0
Q9UMX1,0.0,0.0,0.0,0.0,0.0,0.0,0.0,0.0,0.0,0.0,0.0,0.0,0.0,0.0,0.0,0.0,0.0,0.0,0.0,0.0,0.0,0.0,0.0,0.0,0.0,0.0,0.0,0.0,0.0,116.90981047128028,0.0,274.73805460751004,0.0,0.0,0.0
Q9UN81,0.0,0.0,0.0,0.0,0.0,0.0,0.0,0.0,45614896942470.27,0.0,0.0,0.0,0.0,0.0,0.0,0.0,0.0,0.0,0.0,0.0,0.0,0.0,0.0,0.0,0.0,0.0,0.0,0.0,0.0,0.0,0.0,0.0,0.0,0.0,0.0
Q9UN86,0.0,0.0,0.0,82.67713704932065,0.0,0.0,0.0,0.0,73.421628688263,0.0,0.0,0.0,0.0,0.0,0.0,0.0,0.0,0.0,0.0,0.0,0.0,0.0,0.0,0.0,0.0,0.0,13.434483564304387,0.0,0.0,0.0,211.8932613845753,0.0,0.0,0.0,3.376165315601214e+20
Q9UNP9,113375.74145834606,0.0,608.5098743267515,15479.467604073305,174.75875169606553,0.0,0.0,9112.270818147157,12069844.80034175,411832634.4887441,12.359800857016005,0.0,3907189485852.068,295.1897689768984,2.9193467013389047e+22,0.0,685783355174.7017,0.0,0.0,55619123.16379181,5.788906837302837e+37,0.0,0.0,0.0,0.0,2333.2826086956798,5984501515264697.0,0.0,0.0,0.0,162.32758620689668,3210159.1525762575,757595.936310039,0.0,16131.853867194615
Q9UPX8,0.0,0.0,0.0,0.0,0.0,0.0,0.0,0.0,0.0,0.0,0.0,0.0,993241659.3409262,0.0,483.32231404958765,0.0,0.0,0.0,0.0,0.0,0.0,0.0,0.0,0.0,0.0,0.0,0.0,0.0,0.0,0.0,0.0,0.0,0.0,0.0,0.0
Q9UQB8,199.3332714272453,0.0,0.0,0.0,0.0,0.0,0.0,0.0,0.0,0.0,15.8847687901907,0.0,0.0,0.0,80593971119.0133,0.0,0.0,0.0,0.0,0.0,0.0,0.0,0.0,0.0,0.0,0.0,0.0,0.0,0.0,0.0,0.0,0.0,0.0,0.0,0.0
Q9Y294,0.0,0.0,0.0,0.0,0.0,0.0,0.0,0.0,0.0,21161513057.428802,0.0,0.0,0.0,0.0,428975530449.3132,0.0,0.0,0.0,0.0,4.538691279489822e+162,0.0,0.0,0.0,0.0,0.0,0.0,12.942335016811336,0.0,0.0,0.0,1443610.1738750022,62538.6865233002,0.0,0.0,20341.370668979962
Q9Y3R0,0.0,0.0,0.0,0.0,0.0,0.0,0.0,0.0,0.0,0.0,0.0,0.0,0.0,0.0,0.0,0.0,0.0,0.0,0.0,0.0,0.0,0.0,0.0,0.0,0.0,0.0,7516.523290145702,0.0,0.0,0.0,0.0,0.0,0.0,0.0,0.0
Q9Y490,0.0,0.0,0.0,0.0,0.0,0.0,0.0,0.0,85173.17492197413,0.0,0.0,0.0,0.0,0.0,3020242035557132.0,0.0,0.0,0.0,0.0,0.0,50.88224139565754,0.0,0.0,0.0,0.0,0.0,367.5972210106982,0.0,0.0,0.0,0.0,0.0,0.0,0.0,17.519471792765174
Q9Y4F3,0.0,0.0,0.0,82.67713704932065,0.0,0.0,0.0,0.0,2654913165.0445156,0.0,0.0,0.0,0.0,0.0,0.0,0.0,0.0,0.0,0.0,0.0,0.0,0.0,0.0,0.0,0.0,0.0,0.0,0.0,0.0,0.0,0.0,0.0,0.0,0.0,0.0
Q9Y566,0.0,0.0,0.0,0.0,0.0,0.0,0.0,0.0,586459679168.9445,259668.0635644411,0.0,0.0,0.0,0.0,40349.35792376957,0.0,118161298105.93227,0.0,0.0,0.0,0.0,2658315.2186109824,0.0,0.0,0.0,0.0,129595.44772822161,0.0,0.0,1631715.3395429924,1.168009311993173e+16,0.0,0.0,0.0,0.0
Q9Y572,0.0,0.0,0.0,0.0,0.0,0.0,0.0,0.0,0.0,0.0,15.963718933283097,0.0,0.0,0.0,0.0,0.0,0.0,0.0,0.0,0.0,173.08659893565562,0.0,0.0,0.0,0.0,0.0,0.0,0.0,0.0,0.0,0.0,0.0,0.0,0.0,0.0
Q9Y5K6,0.0,376.3578984279131,0.0,343510.40763360215,487386360971.6772,0.0,0.0,0.0,0.0,0.0,16.82210326139958,0.0,0.0,116.84193337687807,637.1357422780823,0.0,697.2303963318728,0.0,0.0,0.0,38.64719861731241,0.0,0.0,0.0,0.0,0.0,12.500747343533442,0.0,0.0,234.65171923772985,115.65840517241394,0.0,0.0,0.0,1.0768963951824767e+19
Q9Y5X1,0.0,0.0,0.0,2702.0391608391774,0.0,0.0,0.0,0.0,7.24191676562669,0.0,0.0,0.0,0.0,0.0,1934888525.1693697,0.0,0.0,0.0,0.0,0.0,0.0,0.0,0.0,0.0,0.0,0.0,0.0,0.0,0.0,0.0,1.1814555233353902e+20,0.0,0.0,0.0,17.46990174323027
Q9Y6D5,0.0,0.0,0.0,0.0,0.0,0.0,0.0,0.0,0.0,0.0,0.0,0.0,0.0,0.0,0.0,0.0,0.0,0.0,0.0,0.0,0.0,0.0,0.0,0.0,0.0,0.0,0.0,0.0,0.0,0.0,0.0,73.75518244496885,0.0,0.0,0.0
Q9Y6M1,0.0,0.0,0.0,0.0,0.0,0.0,0.0,0.0,2654913165.0445156,0.0,12.359800857016005,0.0,0.0,0.0,13.864864864864874,0.0,0.0,0.0,0.0,0.0,38.721093834553955,0.0,0.0,0.0,0.0,0.0,0.0,0.0,0.0,0.0,84.1152037617556,0.0,0.0,0.0,0.0
